image_id,x,y,width,height,english_caption,hindi_original,hindi_corrected,hindi_was_corrected,hindi_reason,hindi_confidence,hindi_explanation,bengali_original,bengali_corrected,bengali_was_corrected,bengali_reason,bengali_confidence,bengali_explanation,malayalam_original,malayalam_corrected,malayalam_was_corrected,malayalam_reason,malayalam_confidence,malayalam_explanation,odia_original,odia_corrected,odia_was_corrected,odia_reason,odia_confidence,odia_explanation
2401294,190,394,27,28,pieces of carrot,गाजर के टुकड़े,गाजर के टुकड़े,False,none,1.0,"The Hindi caption accurately translates to ""pieces of carrot"" and matches the visual content of the image.",গাজর টুকরা,গাজর টুকরা,False,none,1.0,"The Bengali caption accurately translates to ""carrot pieces"" and matches the visual content of the image.",കാരറ്റ് കഷണങ്ങൾ,കാരറ്റ് കഷണങ്ങൾ,False,none,1.0,"The Malayalam caption accurately translates to ""carrot pieces"" and matches the visual content of the image.",ଗାଜରର ଖଣ୍ଡ,ଗାଜରର ଖଣ୍ଡ,False,none,1.0,"The Odia caption ""ଗାଜରର ଖଣ୍ଡ"" is a direct and accurate translation of ""pieces of carrot""."
2321295,42,120,177,195,a yellow dog with sheep,भेड़ के साथ एक पीला कुत्ता,भेड़ के साथ एक पीला कुत्ता,False,none,1.0,The Hindi caption accurately describes the image content and matches the English caption.,ভেড়া সহ একটি হলুদ কুকুর,ভেড়া সহ একটি হলুদ কুকুর,False,none,1.0,"The Bengali caption accurately translates the English caption and describes the visual content of the image, which shows a yellow dog with sheep.",ആടുകളുടെ കൂടെ ഒരു മഞ്ഞ നായ,ആടുകളുടെ കൂടെ ഒരു മഞ്ഞ നായ,False,none,1.0,The Malayalam caption accurately translates the English caption and describes the visual content of the image.,ମେଣ୍ଢା ସହିତ ଏକ ହଳଦିଆ କୁକୁର |,ମେଣ୍ଢା ସହିତ ଏକ ହଳଦିଆ କୁକୁର |,False,none,1.0,The Odia caption accurately describes the visual content of the image and the meaning of the English caption.
2369696,66,0,160,332,guy wearing fluoro chartreuse shirt confused about oven,फ्लोरो चार्ट्रेउज़ शर्ट पहनने वाला लड़का ओवन के बारे में उलझन में है,फ्लोरो चार्ट्रेउज़ शर्ट पहनने वाला लड़का ओवन के बारे में उलझन में है,False,none,1.0,The Hindi translation accurately reflects the English caption and the visual context of the image. The terms used are appropriate and convey the intended meaning.,লোক ফ্লুরো চার্ট্রেস শার্ট পরা চুলা সম্পর্কে বিভ্রান্ত,লোক ফ্লুরো চার্ট্রেস শার্ট পরা চুলা সম্পর্কে বিভ্রান্ত,False,none,1.0,"The Bengali translation correctly identifies the subject, their attire, and their apparent state of confusion regarding the oven, aligning perfectly with the English caption and the visual content.",ഫ്ലുഒരൊ ഷാട്രസ് ഷർട്ട് ധരിച്ച പുള്ളിക്കാരൻ അടുപ്പിൽ ഏകദേശം ആശയക്കുഴപ്പത്തിൽ ആണ്,ഫ്ലൂറോ ചാർട്രൂസ് ഷർട്ട് ധരിച്ചയാൾ അടുപ്പിനെക്കുറിച്ച് ആശയക്കുഴപ്പത്തിലാണ്,True,poor_translation,0.95,"The Malayalam caption includes the word ""ഏകദേശം"" (approximately), which is not present in the English caption and changes the meaning. The rest of the translation is accurate.",ଫ୍ଲୋରୋ ଚାର୍ଟ୍ରିଜ୍ ସାର୍ଟ ପିନ୍ଧିଥିବା ବ୍ୟକ୍ତି ଚୁଲି ବିଷୟରେ ଦ୍ୱନ୍ଦ୍ୱରେ |,ଫ୍ଲୋରୋ ଚାର୍ଟ୍ରିଜ୍ ସାର୍ଟ ପିନ୍ଧିଥିବା ବ୍ୟକ୍ତି ଚୁଲି ବିଷୟରେ ଦ୍ୱନ୍ଦ୍ୱରେ |,False,none,1.0,The Odia translation accurately conveys the meaning of the English caption and describes the visual content of the image.
2352755,3,0,368,372,Zebra is looking to left while standing,ज़ेबरा खड़े होते हुए बाईं ओर देख रहा है,ज़ेबरा खड़े होते हुए बाईं ओर देख रहा है,False,none,1.0,The Hindi caption correctly conveys the meaning of the English caption and is consistent with the visual information in the image.,জ্যাব্রা দাঁড়িয়ে থাকতে বাম দিকে তাকিয়ে আছে,জ্যাব্রা দাঁড়িয়ে থাকতে বাম দিকে তাকিয়ে আছে,False,none,1.0,The Bengali caption correctly conveys the meaning of the English caption and is consistent with the visual information in the image.,നിൽക്കുമ്പോൾ സെബ്ര ഇടത്തേക്ക് നോക്കുന്നു,നിൽക്കുമ്പോൾ സെബ്ര ഇടത്തേക്ക് നോക്കുന്നു,False,none,1.0,The Malayalam caption accurately translates the English caption and describes the visual content of the image.,ଜେବ୍ରା ଛିଡା ହୋଇଥିବାବେଳେ ବାମକୁ ଚାହିଁ ରହିଛନ୍ତି |,ଜେବ୍ରା ଛିଡା ହୋଇଥିବାବେଳେ ବାମକୁ ଚାହିଁ ରହିଛନ୍ତି |,False,none,1.0,"The Odia translation accurately conveys the meaning of the English caption, stating that the zebra is looking to the left while standing."
2321299,66,22,295,280,A lady on the beach preparing to catch a frisbee,फ्रिस्बि पकड़ने के लिए तट पर एक महिला,फ्रिस्बि पकड़ने के लिए तट पर एक महिला,False,none,1.0,The Hindi caption correctly translates the English caption and accurately describes the visual content of the image.,সৈকতে একজন মহিলা ফ্রিজবি ধরার জন্য প্রস্তুতি নিচ্ছেন,সৈকতে একজন মহিলা ফ্রিজবি ধরার জন্য প্রস্তুতি নিচ্ছেন,False,none,1.0,"The Bengali caption is a direct and accurate translation of the English caption, correctly identifying the location, the person, and the action.",കടൽത്തീരത്തെ ഒരു സ്ത്രീ ഫ്രിസ്‌ബിയെ പിടിക്കാൻ തയ്യാറെടുക്കുന്നു,കടൽത്തീരത്തെ ഒരു സ്ത്രീ ഫ്രിസ്‌ബിയെ പിടിക്കാൻ തയ്യാറെടുക്കുന്നു,False,none,1.0,"The Malayalam caption correctly identifies the subject (woman), location (beach), and action (preparing to catch a frisbee), matching the English caption and visual context.",ସମୁଦ୍ର କୂଳରେ ଥିବା ଜଣେ ମହିଳା ଫ୍ରିସବି ଧରିବାକୁ ପ୍ରସ୍ତୁତ ହେଉଛନ୍ତି |,ସମୁଦ୍ର କୂଳରେ ଥିବା ଜଣେ ମହିଳା ଫ୍ରିସବି ଧରିବାକୁ ପ୍ରସ୍ତୁତ ହେଉଛନ୍ତି |,False,none,1.0,The Odia caption correctly translates the English caption and accurately describes the visual content of the image.
2352756,80,133,401,238,people hiking on a mountain,एक पहाड़ पर लंबी पैदल यात्रा करते लोग,एक पहाड़ पर लंबी पैदल यात्रा करते लोग,False,none,1.0,The Hindi caption accurately translates the English caption and describes the visual content of the image.,মানুষ একটি পর্বত উপর ভ্রমণ,মানুষ একটি পর্বত উপর ভ্রমণ,False,none,1.0,The Bengali caption accurately translates the English caption and describes the visual content of the image.,ആളുകൾ ഒരു മലയിൽ കാൽനടയായി,ആളുകൾ ഒരു മലയിൽ കാൽനടയായി,False,none,1.0,"The Malayalam caption accurately translates the English caption and describes the visual content of the image, which shows people hiking on a snowy mountain.",ଲୋକମାନେ ଏକ ପର୍ବତ ଉପରେ ବୁଲୁଛନ୍ତି |,ଲୋକମାନେ ଏକ ପର୍ବତ ଉପରେ ବୁଲୁଛନ୍ତି |,False,none,1.0,The Odia caption accurately translates the English caption and describes the visual content of the image.
2369699,38,182,109,67,A baseball bat about to be dropped.,बेसबॉल के बारे में गिरा दिया गया |,एक बेसबॉल बैट गिराया जाने वाला है।,True,poor_translation,0.95,"The Hindi translation is grammatically incorrect and does not accurately convey the meaning of the English caption. It also misses the key object ""bat"".",একটি বেসবল ব্যাট বাদ পড়তে চলেছে।,একটি বেসবল ব্যাট বাদ পড়তে চলেছে।,False,none,1.0,"The Bengali caption correctly identifies the object as a baseball bat and conveys the action of it being dropped, aligning with the English caption and the visual context.",ഉപേക്ഷിക്കാൻ പോകുന്ന ഒരു ബേസ്ബോൾ ബാറ്റ്.,ഉപേക്ഷിക്കാൻ പോകുന്ന ഒരു ബേസ്ബോൾ ബാറ്റ്.,False,none,1.0,The Malayalam caption accurately translates the English caption and correctly describes the visual content of the image.,ଏକ ବେସବଲ୍ ବ୍ୟାଟ୍ ଡ୍ରପ୍ ହେବାକୁ ଯାଉଛି |,ଏକ ବେସବଲ୍ ବ୍ୟାଟ୍ ଡ୍ରପ୍ ହେବାକୁ ଯାଉଛି |,False,none,1.0,The Odia translation accurately conveys the meaning of the English caption and is consistent with the visual content of the image.
2401303,171,240,25,26,eye of a cat,बिल्ली की आँख,बिल्ली की आँख,False,none,1.0,"The Hindi caption ""बिल्ली की आँख"" accurately translates to ""cat's eye"" and matches the visual content of the image.",একটি বিড়ালের চোখ,একটি বিড়ালের চোখ,False,none,1.0,"The Bengali caption correctly translates to ""an eye of a cat"" and accurately describes the image content.",പൂച്ചയുടെ കണ്ണ്,പൂച്ചയുടെ കണ്ണ്,False,none,1.0,"The Malayalam caption accurately translates to ""cat's eye"" and correctly describes the visual content of the image.",ବିଲେଇର ଆଖି,ବିଲେଇର ଆଖି,False,none,1.0,"The Odia caption accurately translates to ""cat's eye"" and matches the visual content of the image."
2352759,193,194,30,45,a short fat fire hydrant,एक छोटी वसा अग्नि हाइड्रेंट,एक छोटा फैट फायर हाइड्रेंट,True,poor_translation,1.0,"The Hindi word ""वसा"" translates to ""fat"" as in a fatty substance, not ""fat"" as in plump or thick, which is the intended meaning in the English caption. This is a mistranslation of the adjective describing the hydrant's shape.",একটি স্বল্প ফ্যাট ফায়ার হাইড্র্যান্ট,একটি স্বল্প ফ্যাট ফায়ার হাইড্র্যান্ট,False,none,1.0,"The Bengali translation accurately describes the fire hydrant as ""short and fat,"" matching the visual content and the English caption.",ഒരു ചെറിയ തടിച്ച അഗ്നി ജലാംശം,ഒരു ചെറിയ കൊഴുപ്പ് ഫയർ ഹൈഡ്രന്റ്,True,poor_translation,1.0,"The Malayalam translation uses the word ""ജലാംശം"" (jalamsham) which means ""water content"" instead of ""hydrant"". This is a mistranslation of the object itself.",ଏକ କ୍ଷୁଦ୍ର ଚର୍ବି ଅଗ୍ନି ହାଇଡ୍ରାଣ୍ଟ |,ଏକ କ୍ଷୁଦ୍ର ଚର୍ବି ଅଗ୍ନି ହାଇଡ୍ରାଣ୍ଟ |,False,none,1.0,"The Odia translation accurately describes the fire hydrant as ""short"" and ""fat,"" matching the English caption and the visual context."
2369705,60,90,321,203,six planes fly in formation,छह विमान गठन में उड़ते हुए,छह विमान गठन में उड़ते हुए,False,none,1.0,"The Hindi caption accurately translates the English caption and describes the visual content of the image, with no significant errors.",ছয়টি প্লেন গঠনে উড়ে যায়,ছয়টি প্লেন গঠনে উড়ে যায়,False,none,1.0,The Bengali caption accurately translates the English caption and describes the visual content of the image.,ആറ് വിമാനങ്ങൾ രൂപത്തിൽ പറക്കുന്നു,ആറ് വിമാനങ്ങൾ രൂപത്തിൽ പറക്കുന്നു,False,none,1.0,"The Malayalam caption accurately translates the English caption and describes the visual content of the image, correctly stating that six planes are flying in formation.",six ଟି ବିମାନ ଗଠନରେ ଉଡ଼ନ୍ତି |,six ଟି ବିମାନ ଗଠନରେ ଉଡ଼ନ୍ତି |,False,none,1.0,The Odia caption correctly translates the English caption and accurately describes the visual content of the image.
2401309,33,12,278,176,the umbrella is open,छाता खुला है,छाता खुला है,False,none,1.0,The Hindi caption accurately describes the image as an open umbrella.,ছাতা খোলা আছে,ছাতা খোলা আছে,False,none,1.0,The Bengali caption correctly translates the English caption and accurately describes the visual content of the image.,ചാരനിറത്തിലുള്ള റോഡിന്റെ വശങ്ങളിൽ പച്ച പുല്ലിന്റെ സ്ട്രിപ്പുകൾ,കുട തുറന്നിരിക്കുന്നു,True,poor_translation,1.0,"The Malayalam caption describes a road and grass, which is not depicted in the image. The image shows an open umbrella with dog illustrations.",ଛତା ଖୋଲା ଅଛି |,ଛତା ଖୋଲା ଅଛି |,False,none,1.0,The Odia caption correctly translates the English caption and accurately describes the visual content of the image.
2321306,370,140,43,75,This is an umbrella,यह एक छाता है,यह एक छाता है,False,none,1.0,"The Hindi caption correctly identifies the object in the image as an umbrella, matching the English caption.",এটি একটি ছাতা,এটি একটি ছাতা,False,none,1.0,The Bengali caption accurately translates the English caption and describes the object shown in the image.,ഇതൊരു കുടയാണ്,ഇതൊരു കുടയാണ്,False,none,1.0,"The Malayalam caption correctly identifies the object in the image as an umbrella, matching the English caption.",ଏହା ଏକ ଛତା |,ଏହା ଏକ ଛତା |,False,none,1.0,"The Odia caption accurately translates to ""This is an umbrella"" and correctly describes the image content."
2369712,341,104,157,259,two guys with no shirts on,बिना शर्ट के दो लड़के,बिना शर्ट पहने दो लोग,True,poor_translation,0.9,"The Hindi caption incorrectly identifies the individuals as ""boys"" when they are clearly adults (""men""). This is a significant mistranslation of the visual context.",শার্ট না নিয়ে দু'জন ছেলে,শার্ট না নিয়ে দু'জন ছেলে,False,none,1.0,The Bengali caption correctly describes the image as showing two shirtless individuals. The translation is accurate and natural.,ഷർട്ടുകളില്ലാത്ത രണ്ട് ആളുകൾ,ഷർട്ടുകളില്ലാത്ത രണ്ട് ആളുകൾ,False,none,1.0,The Malayalam caption accurately translates the English caption and describes the visual content of the image.,ବିନା ସାର୍ଟରେ ଦୁଇଜଣ ଯୁବକ |,ବିନା ସାର୍ଟରେ ଦୁଇଜଣ ଯୁବକ |,False,none,1.0,The Odia caption accurately translates the English caption and describes the visual content of the image.
2352760,86,65,118,428,woman with luggage by road,सड़क से सामान के साथ महिला,सड़क से सामान के साथ महिला,False,none,1.0,The Hindi caption accurately translates the English caption and describes the visual content of the image.,রাস্তা দিয়ে লাগেজ সহ মহিলা,রাস্তা দিয়ে লাগেজ সহ মহিলা,False,none,1.0,The Bengali caption accurately translates the English caption and describes the visual content of the image.,റോഡ് മാർഗം ലഗേജുള്ള സ്ത്രീ,റോഡ് മാർഗം ലഗേജുള്ള സ്ത്രീ,False,none,1.0,The Malayalam caption accurately describes the image content and the English caption. The translation is direct and natural.,ରାସ୍ତାରେ ଲଗେଜ୍ ଥିବା ମହିଳା |,ରାସ୍ତାରେ ଲଗେଜ୍ ଥିବା ମହିଳା |,False,none,1.0,The Odia caption accurately translates the English caption and describes the visual content of the image.
2401310,14,47,483,238,There is an airplane in the sky,आकाश में एक हवाई जहाज़ है,आकाश में एक हवाई जहाज़ है,False,none,1.0,The Hindi caption accurately translates the English caption and describes the visual content of the image.,আকাশে একটি বিমান রয়েছে,আকাশে একটি বিমান রয়েছে,False,none,1.0,The Bengali caption accurately translates the English caption and describes the visual content of the image.,ആകാശത്ത് ഒരു വിമാനമുണ്ട്,ആകാശത്ത് ഒരു വിമാനമുണ്ട്,False,none,1.0,The Malayalam caption accurately translates the English caption and describes the visual content of the image.,ଆକାଶରେ ଏକ ବିମାନ ଅଛି |,ଆକାଶରେ ଏକ ବିମାନ ଅଛି |,False,none,1.0,The Odia caption accurately translates the English caption and correctly describes the visual content of the image.
2369715,189,79,121,75,a microwave on the counter,काउंटर पर एक माइक्रोवेव,काउंटर पर एक माइक्रोवेव,False,none,1.0,The Hindi caption is a direct and accurate translation of the English caption and correctly describes the visual content of the image.,কাউন্টারে একটি মাইক্রোওয়েভ,কাউন্টারে একটি মাইক্রোওয়েভ,False,none,1.0,The Bengali caption correctly translates the English caption and accurately describes the visual content of the image.,കൗണ്ടറിൽ ഒരു മൈക്രോവേവ്,കൗണ്ടറിൽ ഒരു മൈക്രോവേവ്,False,none,1.0,The Malayalam caption accurately translates the English caption and describes the visual content of the image.,କାଉଣ୍ଟରରେ ଏକ ମାଇକ୍ରୋୱେଭ୍ |,କାଉଣ୍ଟରରେ ଏକ ମାଇକ୍ରୋୱେଭ୍ |,False,none,1.0,"The Odia caption accurately translates ""a microwave on the counter"" and matches the visual content of the image."
2352763,0,25,363,355,this is a lady,यह एक महिला है\,यह एक महिला है\,False,none,1.0,The Hindi caption accurately translates the English caption and describes the image content.,এই মহিলা,এই মহিলা,False,none,1.0,"The Bengali caption ""এই মহিলা"" accurately translates to ""this lady"" and matches the visual context of the image.",ഇത് ഒരു സ്ത്രീയാണ്,ഇത് ഒരു സ്ത്രീയാണ്,False,none,1.0,The Malayalam caption accurately translates the English caption and describes the image.,ଏହା ଜଣେ ଲେଡି |,ଏହା ଜଣେ ଲେଡି |,False,none,1.0,"The Odia caption accurately translates ""this is a lady"" and does not require any visual context beyond what is provided."
2401311,381,116,65,141,white porcelain clean toilet,सफेद चीनी मिट्टी के बरतन साफ शौचालय,सफेद चीनी मिट्टी के बरतन साफ शौचालय,False,none,1.0,"The Hindi caption is a direct and accurate translation of the English caption, correctly identifying the object and its attributes.",সাদা চীনামাটির বাসন পরিষ্কার টয়লেট,সাদা চীনামাটির বাসন পরিষ্কার টয়লেট,False,none,1.0,The Bengali caption accurately translates the English caption and describes the visual content of the image.,വെളുത്ത പോർസലൈൻ വൃത്തിയുള്ള ടോയ്‌ലറ്റ്,വെളുത്ത പോർസലൈൻ വൃത്തിയുള്ള ടോയ്‌ലറ്റ്,False,none,1.0,"The Malayalam caption is a direct and accurate translation of the English caption, and it correctly describes the visual content of the image.",ଧଳା ଚାମଚ ପରିଷ୍କାର ଶୌଚାଳୟ |,ଧଳା ଚୀନାମାଟିର ବାସନ ସଫା ଶୌଚାଳଯ଼,True,poor_translation,1.0,"The target caption mistranslates ""porcelain"" as ""spoon"" (ଚାମଚ), which is a significant semantic error and does not accurately describe the image."
2321311,3,2,24,25,white print style letter,सफेद प्रिंट शैली,सफेद प्रिंट शैली का पत्र,True,poor_translation,0.8,"The Hindi translation is missing the word ""letter"" from the English caption, making it an incomplete translation.",সাদা প্রিন্ট শৈলী চিঠি,সাদা প্রিন্ট শৈলী চিঠি,False,none,1.0,The Bengali caption accurately translates the English caption and describes the visual content of the image.,ഒരു കെട്ടിടത്തിലെ വലിയ വിൻഡോ,വൈറ്റ് പ്രിന്റ് സ്റ്റൈൽ കത്ത്,True,poor_translation,1.0,"The target caption describes a window in a building, which is completely different from the English caption's description of a ""white print style letter"" and the visual content of the image. This indicates a poor translation.",ଧଳା ମୁଦ୍ରଣ ଶୈଳୀ ଅକ୍ଷର |,ଧଳା ମୁଦ୍ରଣ ଶୈଳୀ ଅକ୍ଷର |,False,none,1.0,"The Odia caption accurately translates ""white print style letter"" and matches the visual content of the image."
2369725,240,143,62,122,A child swinging a bat,एक बच्चा बल्ला घुमाता है,एक बच्चा बल्ला घुमाता है,False,none,1.0,"The Hindi caption is a direct and accurate translation of the English caption, correctly describing the action shown in the image.",একটি শিশু ব্যাট দুলছে,একটি শিশু ব্যাট দুলছে,False,none,1.0,The Bengali caption accurately translates the English caption and describes the visual content of the image.,ഒരു കുട്ടി ബാറ്റ് സ്വിംഗ് ചെയ്യുന്നു,ഒരു കുട്ടി ബാറ്റ് സ്വിംഗ് ചെയ്യുന്നു,False,none,1.0,The Malayalam caption accurately translates the English caption and describes the visual content of the image.,ଏକ ଶିଶୁ ଏକ ବ୍ୟାଟ୍ ସୁଇଙ୍ଗ୍ କରୁଛି |,ଏକ ଶିଶୁ ଏକ ବ୍ୟାଟ୍ ସୁଇଙ୍ଗ୍ କରୁଛି |,False,none,1.0,The Odia caption accurately translates the English caption and describes the visual content of the image.
2352767,16,1,252,95,green leaves on trees,पेड़ों पर हरे पत्ते,पेड़ों पर हरे पत्ते,False,none,1.0,The Hindi caption accurately translates the English caption and describes the visual content of the image.,গাছে সবুজ পাতা,গাছে সবুজ পাতা,False,none,1.0,The Bengali caption correctly translates the English caption and accurately describes the visual content of the image.,മരങ്ങളിൽ പച്ച ഇലകൾ,മരങ്ങളിൽ പച്ച ഇലകൾ,False,none,1.0,The Malayalam caption accurately translates the English caption and describes the visual content of the image.,ଗଛ ଉପରେ ସବୁଜ ପତ୍ର |,ଗଛ ଉପରେ ସବୁଜ ପତ୍ର |,False,none,1.0,The Odia caption accurately describes the visual content of the image and correctly translates the English caption.
2321313,247,151,22,23,a green light,एक हरी बत्ती,एक हरी बत्ती,False,none,1.0,"The Hindi caption accurately translates to ""a green light"" and matches the visual content of the image.",সবুজ আলো,সবুজ আলো,False,none,1.0,"The Bengali caption ""সবুজ আলো"" accurately translates to ""green light"" and matches the visual content of the image.",കെട്ടിടത്തിന് മുകളിൽ ഒരു ഫ്ലാഗ് പോൾ,ഒരു പച്ച വെളിച്ചം,True,poor_translation,1.0,"The target caption describes a flag pole on a building, which is completely different from the English caption's ""a green light"" and the visual content of a green light.",ସବୁଜ ଆଲୋକ,ସବୁଜ ଆଲୋକ,False,none,1.0,"The Odia caption ""ସବୁଜ ଆଲୋକ"" correctly translates to ""green light"" and accurately describes the visual content of the image."
2369728,153,74,114,79,A brown giraffe head,एक भूरे जिराफ सिर,एक भूरे जिराफ सिर,False,none,1.0,"The Hindi caption ""एक भूरे जिराफ सिर"" accurately translates to ""A brown giraffe head"" and correctly describes the visual content of the image.",একটি বাদামী জিরাফ মাথা,একটি বাদামী জিরাফ মাথা,False,none,1.0,The Bengali caption is a direct and accurate translation of the English caption and correctly describes the visual content of the image.,ഒരു ബാഗ് കോട്ടൺ മിഠായി,ഒരു തവിട്ട് നിറമുള്ള ജിറാഫിന്റെ തല,True,poor_translation,1.0,"The target caption is a mistranslation and does not describe the image of a giraffe. It translates to ""a bag of cotton candy"".",ଏକ ବାଦାମୀ ଜିରାଫ୍ ମୁଣ୍ଡ |,ଏକ ବାଦାମୀ ଜିରାଫ୍ ମୁଣ୍ଡ |,False,none,1.0,"The Odia caption accurately translates the English caption, describing the image content correctly."
2401324,74,231,113,128,the cake on the table,मेज पर केक है,मेज पर केक है,False,none,1.0,The Hindi caption accurately translates the English caption and describes the visual content of the image.,টেবিলের উপর কেক,টেবিলের উপর কেক,False,none,1.0,The Bengali caption accurately translates the English caption and describes the visual content of the image.,കേക്ക് മേശപ്പുറത്ത്,കേക്ക് മേശപ്പുറത്ത്,False,none,1.0,"The Malayalam caption accurately translates to ""cake on the table"" and matches the visual content of the image.",ଟେବୁଲ ଉପରେ କେକ୍ |,ଟେବୁଲ ଉପରେ କେକ୍ |,False,none,1.0,"The Odia caption accurately describes the image content, which is a cake on a table."
2321323,168,30,194,200,woman holding a red umbrella,एक लाल छाता पकड़े महिला,एक लाल छाता पकड़े महिला,False,none,1.0,The Hindi caption is a direct and accurate translation of the English caption and correctly describes the visual content of the image.,মহিলা একটি লাল ছাতা ধরে,মহিলা একটি লাল ছাতা ধরে,False,none,1.0,The Bengali caption accurately translates the English caption and describes the visual content of the image.,ചുവന്ന കുട പിടിക്കുന്ന സ്ത്രീ,ചുവന്ന കുട പിടിക്കുന്ന സ്ത്രീ,False,none,1.0,"The Malayalam caption accurately translates to ""woman holding a red umbrella"" and correctly describes the visual content of the image.",ଏକ ନାଲି ଛତା ଧରିଥିବା ମହିଳା |,ଏକ ନାଲି ଛତା ଧରିଥିବା ମହିଳା |,False,none,1.0,The Odia caption accurately describes the visual content of the image and the meaning of the English caption.
2352775,0,1,329,400,a blue sky with a few clouds,कुछ बादलों के साथ एक नीला आकाश,कुछ बादलों के साथ एक नीला आकाश,False,none,1.0,"The Hindi caption accurately translates the English caption, describing the visual content of the image. The translation is grammatically correct and natural.",কয়েক মেঘের সাথে একটি নীল আকাশ,কয়েক মেঘের সাথে একটি নীল আকাশ,False,none,1.0,"The Bengali caption ""কয়েক মেঘের সাথে একটি নীল আকাশ"" accurately translates to ""a blue sky with a few clouds"" and matches the visual content of the image.",കുറച്ച് മേഘങ്ങളുള്ള ഒരു നീലാകാശം,കുറച്ച് മേഘങ്ങളുള്ള ഒരു നീലാകാശം,False,none,1.0,The Malayalam caption accurately translates the English caption and describes the visual content of the image.,କିଛି ମେଘ ସହିତ ଏକ ନୀଳ ଆକାଶ |,କିଛି ମେଘ ସହିତ ଏକ ନୀଳ ଆକାଶ |,False,none,1.0,"The Odia caption accurately translates ""a blue sky with a few clouds"" and correctly describes the visual content of the image."
2401326,262,98,8,15,nose of a man,एक आदमी की नाक,एक आदमी की नाक,False,none,1.0,The Hindi caption is a direct and accurate translation of the English caption. There is no visual information to contradict the translation.,মানুষের নাক,মানুষের নাক,False,none,1.0,"The Bengali caption accurately translates to ""man's nose,"" matching the English caption. Visual verification is not possible due to the blurry image, but the translation itself is correct.",കുഞ്ഞ് ആന,ഒരു മനുഷ്യൻറെ മൂക്ക്,True,poor_translation,1.0,"The target caption ""കുഞ്ഞ് ആന"" (baby elephant) is a mistranslation of the English caption ""nose of a man"". There is no visual or semantic connection between the two.",ମନୁଷ୍ୟର ନାକ,ମନୁଷ୍ୟର ନାକ,False,none,0.95,The Odia caption accurately translates the English caption. Visual context is not strictly necessary as the translation is a direct equivalent.
2352776,238,403,12,35,edge of a tower,एक टावर के किनारे,एक टावर के किनारे,False,none,1.0,The Hindi translation perfectly matches the English caption and the visual content of the image.,একটি টাওয়ার প্রান্ত,একটি টাওয়ার প্রান্ত,False,none,1.0,The Bengali translation accurately conveys the meaning of the English caption and is visually consistent with the image.,ഒരു ഗോപുരത്തിന്റെ വശം,ഒരു ഗോപുരത്തിന്റെ വശം,False,none,1.0,The Malayalam caption accurately translates the English caption and is visually consistent with the image.,ଏକ ଗଡ଼ର ଧାର,ଏକ ଟାୱାରର ଧାର,True,poor_translation,1.0,"The Odia translation uses the word ""ଗଡ଼"" which means fort or castle, instead of a word that accurately translates to ""tower"". This is a mistranslation of the core subject."
2321324,10,119,394,196,back of person on bench,बेंच पर व्यक्ति की पीठ,बेंच पर व्यक्ति की पीठ,False,none,1.0,The Hindi caption accurately translates the English caption and describes the visual content of the image.,বেঞ্চে ব্যক্তির পিছনে,বেঞ্চে ব্যক্তির পিছনে,False,none,1.0,The Bengali caption accurately translates the English caption and describes the visual content of the image.,ബെഞ്ചിലുള്ള വ്യക്തിയുടെ പുറകിൽ,ബെഞ്ചിലുള്ള വ്യക്തിയുടെ പുറകിൽ,False,none,1.0,The Malayalam caption accurately translates the English caption and describes the visual content of the image.,ବେଞ୍ଚରେ ଥିବା ବ୍ୟକ୍ତିଙ୍କ ପିଠି |,ବେଞ୍ଚରେ ଥିବା ବ୍ୟକ୍ତିଙ୍କ ପିଠି |,False,none,1.0,The Odia caption accurately translates the English caption and describes the visual content of the image.
2369737,296,60,87,150,A girl on a horse,घोड़े पर एक लड़की,घोड़े पर एक लड़की,False,none,1.0,The Hindi caption correctly translates the English caption and accurately describes the visual content of the image.,একটি ঘোড়ার উপর একটি মেয়ে,একটি ঘোড়ার উপর একটি মেয়ে,False,none,1.0,"The Bengali caption is a direct and accurate translation of the English caption, correctly identifying the subject and action depicted in the image.",കെട്ടിടത്തിന് മുകളിൽ ഒരു ഫ്ലാഗ് പോൾ,കുതിരപ്പുറത്ത് ഒരു പെൺകുട്ടി,True,poor_translation,1.0,The target caption describes a completely different scene than what is depicted in the image. The translation is factually incorrect in relation to the visual content.,ଘୋଡା ଉପରେ ଏକ ଝିଅ,ଘୋଡା ଉପରେ ଏକ ଝିଅ,False,none,1.0,"The Odia caption correctly translates to ""A girl on a horse"" and accurately describes the image content."
2401331,76,103,206,284,This is a cell phone.,यह एक सेल फोन है।,यह एक सेल फोन है।,False,none,1.0,The Hindi caption accurately translates the English caption and correctly identifies the object in the image as a cell phone.,এটি একটি সেল ফোন।,এটি একটি সেল ফোন।,False,none,1.0,The Bengali caption is a direct and accurate translation of the English caption and correctly identifies the object in the image.,ഇതൊരു സെൽ ഫോണാണ്.,ഇതൊരു സെൽ ഫോണാണ്.,False,none,1.0,The Malayalam caption accurately translates the English caption and describes the object shown in the image.,ଏହା ଏକ ମୋବାଇଲ୍ ଫୋନ୍ |,ଏହା ଏକ ମୋବାଇଲ୍ ଫୋନ୍ |,False,none,1.0,The Odia caption accurately translates the English caption and correctly identifies the object in the image.
2369739,111,227,49,37,a black and gold clock,एक काले और सोने की घड़ी,एक काले और सोने की घड़ी,False,none,1.0,The Hindi caption accurately translates the English caption and describes the visual elements present in the image.,একটি কালো এবং সোনার ঘড়ি,একটি কালো এবং সোনার ঘড়ি,False,none,1.0,The Bengali caption accurately translates the English caption and describes the visual elements present in the image.,കറുപ്പും സ്വർണ്ണവുമായ ഘടികാരം,കറുപ്പും സ്വർണ്ണവുമായ ഘടികാരം,False,none,1.0,"The Malayalam caption ""കറുപ്പും സ്വർണ്ണവുമായ ഘടികാരം"" accurately translates to ""a black and gold clock"" and matches the visual context of the image.",ଏକ କଳା ଏବଂ ସୁନା ଘଣ୍ଟା |,ଏକ କଳା ଏବଂ ସୁନା ଘଣ୍ଟା |,False,none,1.0,The Odia translation accurately reflects the English caption and the visual content of the image.
2401340,84,81,310,150,Th bus is driving through water.,बस पानी के माध्यम से गाड़ी चला रहे है |,बस पानी के माध्यम से गाड़ी चला रहे है |,False,none,1.0,The Hindi caption accurately translates the English caption and correctly describes the visual scene of the bus driving through water.,থান বাসটি জল দিয়ে গাড়ি চালাচ্ছে।,বাসটি জলের মধ্য দিয়ে চলছে।,True,poor_translation,0.95,"The Bengali translation uses ""দিয়ে"" (diye) which means ""with"" or ""by means of,"" incorrectly implying the bus is using water to drive. The correct translation should convey that the bus is driving *through* water.",വെള്ളത്തിലൂടെയാണ് ബസ് ഓടിക്കുന്നത്.,വെള്ളത്തിലൂടെയാണ് ബസ് ഓടിക്കുന്നത്.,False,none,1.0,The Malayalam caption accurately translates the English caption and describes the visual content of the image.,ବସ୍ ଟି ପାଣି ଦେଇ ଯାଉଛି |,ବସ୍ ଟି ପାଣି ଦେଇ ଯାଉଛି |,False,none,1.0,The Odia caption accurately translates the English caption and is consistent with the visual content of the image.
2352785,365,208,80,57,this is a bench,यह एक बेंच है,यह एक बेंच है,False,none,1.0,The Hindi caption accurately translates the English caption and correctly identifies the object in the image.,এটি একটি বেঞ্চ,এটি একটি বেঞ্চ,False,none,1.0,The Bengali caption accurately translates the English caption and describes the object shown in the image.,ഇതൊരു ബെഞ്ചാണ്,ഇതൊരു ബെഞ്ചാണ്,False,none,1.0,The Malayalam caption accurately translates the English caption and is consistent with the visual content of the image.,ଏହା ଏକ ବେଞ୍ଚ |,ଏହା ଏକ ବେଞ୍ଚ |,False,none,1.0,"The Odia translation ""ଏହା ଏକ ବେଞ୍ଚ"" accurately translates to ""this is a bench"" and matches the visual content of the image."
2401346,158,52,91,145,cow puppet on a salt shaker,एक नमक शेखर पर गाय की कठपुतली,एक नमक शेखर पर गाय की कठपुतली,False,none,1.0,"The Hindi caption is a direct and accurate translation of the English caption, and it correctly describes the visual content of the image.",লবণের ঝাঁকুনিতে গাভী পুতুল,লবণের ঝাঁকুনিতে গাভী পুতুল,False,none,1.0,The Bengali caption accurately translates the English caption and describes the visual content of the image.,ഒരു ഉപ്പ് കുലുക്കത്തിൽ പശു പാവ,ഒരു ഉപ്പ് കുലുക്കത്തിൽ പശു പാവ,False,none,1.0,"The Malayalam caption accurately translates the English caption, describing a cow puppet on a salt shaker. The translation is semantically correct and natural.",ଲୁଣ ଶେକରରେ ଗାଈ କଣ୍ଢେଇ |,ଲୁଣ ଶେକରରେ ଗାଈ କଣ୍ଢେଇ |,False,none,1.0,The Odia caption accurately translates the English caption and describes the visual content of the image.
2321339,0,10,480,258,the truck on lawn,ट्रक मैदान पर,ट्रक मैदान पर,False,none,1.0,"The Hindi caption accurately translates to ""truck on the ground/field"" and correctly describes the image content.",লন উপর ট্রাক,লন উপর ট্রাক,False,none,1.0,The Bengali caption accurately translates the English caption and describes the visual content of the image.,പുൽത്തകിടിയിലെ ട്രക്ക്,പുൽത്തകിടിയിലെ ട്രക്ക്,False,none,1.0,"The Malayalam caption accurately translates to ""Truck on the lawn,"" which correctly describes the image content.",ଲନ୍ ଉପରେ ଟ୍ରକ୍ |,ଲନ୍ ଉପରେ ଟ୍ରକ୍ |,False,none,1.0,The Odia caption accurately translates the English caption and describes the visual content of the image.
2352789,86,1,137,71,this is a hat,यह एक टोपी है,यह एक टोपी है,False,none,1.0,The Hindi caption accurately translates the English caption and describes the object shown in the image.,এটি একটি টুপি,এটি একটি টুপি,False,none,1.0,The Bengali caption accurately translates the English caption and describes the object shown in the image.,ഇതൊരു തൊപ്പിയാണ്,ഇതൊരു തൊപ്പിയാണ്,False,none,1.0,"The Malayalam caption ""ഇതൊരു തൊപ്പിയാണ്"" is a direct and accurate translation of the English caption ""this is a hat"" and correctly identifies the object shown in the image.",ଏହା ଏକ ଟୋପି |,ଏହା ଏକ ଟୋପି |,False,none,1.0,"The Odia caption ""ଏହା ଏକ ଟୋପି"" accurately translates to ""this is a hat"" and matches the visual content."
2369744,261,223,37,65,suitcase on the sidewalk,फुटपाथ पर सूटकेस,फुटपाथ पर सूटकेस,False,none,1.0,The Hindi caption accurately translates the English caption and describes the visual content of the image.,ফুটপাতে স্যুটকেস,ফুটপাতে স্যুটকেস,False,none,1.0,The Bengali caption accurately translates the English caption and describes the visual content of the image.,ഫുട്പാത്തിലെ സ്യൂട്ട്കേസ്,ഫുട്പാത്തിലെ സ്യൂട്ട്കേസ്,False,none,1.0,The Malayalam caption accurately translates the English caption and matches the visual content of the image.,ରାସ୍ତାରେ ସୁଟକେସ୍ |,ରାସ୍ତାରେ ସୁଟକେସ୍ |,False,none,1.0,"The Odia caption accurately translates ""suitcase on the sidewalk"" and is consistent with the visual context."
2401348,89,160,58,152,Tennis racket in his hand.,उनके हाथ में टेनिस रैकेट।,उनके हाथ में टेनिस रैकेट।,False,none,1.0,The Hindi caption accurately translates the English caption and describes the visual content of the image.,তার হাতে টেনিস র‌্যাকেট।,তার হাতে টেনিস র‌্যাকেট।,False,none,1.0,The Bengali caption accurately translates the English caption and describes the visual content of the image.,കയ്യിൽ ടെന്നീസ് റാക്കറ്റ്.,കയ്യിൽ ടെന്നീസ് റാക്കറ്റ്.,False,none,1.0,The Malayalam caption correctly translates the English caption and accurately describes the visual content of the image.,ତାଙ୍କ ହାତରେ ଟେନିସ୍ ରାକେଟ୍ |,ତାଙ୍କ ହାତରେ ଟେନିସ୍ ରାକେଟ୍ |,False,none,1.0,The Odia caption accurately translates the English caption and describes the visual content of the image.
2321340,129,75,269,252,the small elephant is eating,छोटा हाथी खा रहा है,छोटा हाथी खा रहा है,False,none,1.0,The Hindi caption accurately translates the English caption and describes the visual content of the image.,ছোট হাতি খাচ্ছে,ছোট হাতি খাচ্ছে,False,none,1.0,The Bengali caption accurately translates the English caption and describes the visual content of the image.,ചെറിയ ആന തിന്നുന്നു,ചെറിയ ആന തിന്നുന്നു,False,none,1.0,The Malayalam caption accurately translates the English caption and describes the visual content of the image.,ଛୋଟ ହାତୀ ଖାଉଛି,ଛୋଟ ହାତୀ ଖାଉଛି,False,none,1.0,"The Odia caption ""ଛୋଟ ହାତୀ ଖାଉଛି"" correctly translates to ""small elephant is eating"", which accurately describes the image content."
2352796,249,148,27,69,the wall is white in colour,दीवार सफेद रंग है,दीवार सफेद रंग है,False,none,1.0,The Hindi caption accurately translates the English caption and correctly describes the visual content of the image.,দেয়ালটি সাদা রঙের,দেয়ালটি সাদা রঙের,False,none,1.0,The Bengali caption accurately translates the English caption and describes the visual content of the image.,ചാരനിറത്തിലുള്ള റോഡിന്റെ വശങ്ങളിൽ പച്ച പുല്ലിന്റെ സ്ട്രിപ്പുകൾ,മതിലിന് വെളുത്ത നിറമാണ്.,True,poor_translation,1.0,"The target caption describes a gray road with green grass, which is completely different from the English caption stating that the wall is white. There is a significant discrepancy between the visual content described in the two captions.",କାନ୍ଥ ଧଳା ରଙ୍ଗର ଅଟେ,କାନ୍ଥ ଧଳା ରଙ୍ଗର ଅଟେ,False,none,1.0,The Odia caption correctly translates the English caption and is consistent with the visual information in the image.
2369745,69,1,127,75,a pair of yellow scissors,पीली कैंची की एक जोड़ी,पीली कैंची की एक जोड़ी,False,none,1.0,The Hindi caption is a direct and accurate translation of the English caption and correctly describes the visual content of the image.,একজোড়া হলুদ কাঁচি,একজোড়া হলুদ কাঁচি,False,none,1.0,The Bengali caption correctly translates the English caption and accurately describes the visual content of the image.,ഒരു ജോടി മഞ്ഞ കത്രിക,ഒരു ജോടി മഞ്ഞ കത്രിക,False,none,1.0,"The Malayalam translation accurately describes the ""pair of yellow scissors"" shown in the image.",ହଳଦିଆ କଇଁଚି ଯୁଗଳ |,ହଳଦିଆ କଇଁଚି ଯୁଗଳ |,False,none,1.0,"The Odia caption accurately translates ""a pair of yellow scissors"" and matches the visual content of the image."
2401353,258,87,135,210,a yellow painted fire hydrant,एक पीला चित्रित अग्नि हाइड्रेंट,एक पीला चित्रित अग्नि हाइड्रेंट,False,none,1.0,The Hindi caption accurately translates the English caption and describes the visual content of the image.,একটি হলুদ আঁকা ফায়ার হাইড্র্যান্ট,একটি হলুদ আঁকা ফায়ার হাইড্র্যান্ট,False,none,1.0,"The Bengali caption accurately translates the English caption ""a yellow painted fire hydrant"" and aligns with the visual context of the image. The translation is natural and complete.",മഞ്ഞ ചായം പൂശിയ അഗ്നി ജലാംശം,മഞ്ഞ പെയിന്റ് ചെയ്ത ഫയർ ഹൈഡ്രന്റ്,True,poor_translation,1.0,"The Malayalam caption mistranslates ""hydrant"" as ""water content"", failing to accurately convey the meaning of the English caption. The visual context of a fire hydrant is not correctly represented by the translation.",ଏକ ହଳଦିଆ ରଙ୍ଗର ଅଗ୍ନି ହାଇଡ୍ରାଣ୍ଟ |,ଏକ ହଳଦିଆ ରଙ୍ଗର ଅଗ୍ନି ହାଇଡ୍ରାଣ୍ଟ |,False,none,1.0,"The Odia caption accurately translates ""a yellow painted fire hydrant"" into ""ଏକ ହଳଦିଆ ରଙ୍ଗର ଅଗ୍ନି ହାଇଡ୍ରାଣ୍ଟ"". The translation is semantically correct and grammatically sound in Odia."
2321341,200,108,297,162,A man riding a wave.,लहर की सवारी करने वाला आदमी।,लहर की सवारी करने वाला आदमी।,False,none,1.0,The Hindi caption is a direct and accurate translation of the English caption and correctly describes the visual content of the image.,Manেউ চড়ে একজন লোক।,একজন মানুষ ঢেউয়ে চড়ে।,True,poor_translation,1.0,The target caption is a poor translation because it contains a nonsensical phrase and mixes English and Bengali words incorrectly. The meaning of the original English caption is not conveyed accurately.,തിരമാലയിൽ കയറുന്ന ഒരാൾ.,തിരമാലയിൽ കയറുന്ന ഒരാൾ.,False,none,1.0,The Malayalam caption accurately translates the English caption and describes the visual content of the image.,ଜଣେ ବ୍ୟକ୍ତି ତରଙ୍ଗ ଚଢୁଛନ୍ତି |,ଜଣେ ବ୍ୟକ୍ତି ତରଙ୍ଗ ଚଢୁଛନ୍ତି |,False,none,1.0,The Odia caption correctly translates the English caption and accurately describes the visual content of the image.
2352801,25,154,350,177,a bed with red comfort,लाल आराम के साथ एक बिस्तर,लाल आराम के साथ एक बिस्तर,False,none,1.0,The Hindi caption accurately translates the English caption and describes the visual content of the image.,লাল আরাম সহ একটি বিছানা,লাল আরাম সহ একটি বিছানা,False,none,1.0,The Bengali caption accurately translates the English caption and describes the visual content of the image.,ചുവന്ന സുഖസൗകര്യങ്ങളുള്ള ഒരു കിടക്ക,ചുവന്ന സുഖസൗകര്യങ്ങളുള്ള ഒരു കിടക്ക,False,none,1.0,The Malayalam caption accurately translates the English caption and describes the visual content of the image.,ନାଲି ଆରାମ ସହିତ ଏକ ଶଯ୍ୟା |,ନାଲି ଆରାମ ସହିତ ଏକ ଶଯ୍ୟା |,False,none,1.0,The Odia caption accurately translates the English caption and describes the visual content of the image.
2369747,75,330,89,77,white chocolate square,सफेद चोकोलेट वर्ग,सफेद चोकोलेट वर्ग,False,none,1.0,"The Hindi caption ""सफेद चोकोलेट वर्ग"" accurately translates to ""white chocolate square"" and matches the visual content of the image.",সাদা চকোলেট বর্গক্ষেত্র,সাদা চকোলেট বর্গক্ষেত্র,False,none,1.0,The Bengali caption correctly translates the English caption and accurately describes the visual content of the image.,വെളുത്ത ചോക്ലേറ്റ് സ്ക്വയർ,വെളുത്ത ചോക്ലേറ്റ് സ്ക്വയർ,False,none,1.0,"The Malayalam caption ""വെളുത്ത ചോക്ലേറ്റ് സ്ക്വയർ"" accurately translates to ""white chocolate square"" and matches the visual content of the image.",ଧଳା ଚକୋଲେଟ୍ ବର୍ଗ |,ଧଳା ଚକୋଲେଟ୍ ବର୍ଗ |,False,none,1.0,The Odia caption accurately describes the white chocolate square shown in the image.
2401358,70,327,126,161,The firehydrant is silve,अग्निह्रास चुप है,फायरहाइड्रेंट सिल्व है।,True,poor_translation,1.0,"The Hindi translation ""अग्निह्रास चुप है"" means ""The fire hydrant is silent,"" which is an incorrect and nonsensical description of the object. The original caption states the fire hydrant is ""silver,"" a visual attribute that is completely missed in the translation.",ফায়ারহাইড্র্যান্ট সিলভ,ফায়ারহাইড্র্যান্ট সিলভ,False,none,1.0,"The Bengali caption correctly identifies the object as a fire hydrant and its color as silver, matching the visual context and the English caption.",ഫയർ‌ഹൈഡ്രൻറ് വെള്ളി നിറമാണ്,ഫയർ‌ഹൈഡ്രൻറ് വെള്ളി നിറമാണ്,False,none,1.0,The Malayalam caption correctly translates the English caption and accurately describes the object in the image.,ଫାୟାରହାଇଡ୍ରାଣ୍ଟ ହେଉଛି ରୂପା |,ଫାୟାରହାଇଡ୍ରାଣ୍ଟ ହେଉଛି ରୂପା |,False,none,1.0,The Odia caption accurately translates the English caption and describes the visual content of the image.
2352805,86,215,35,15,this is the grass,यह घास है,यह घास है,False,none,0.95,"The Hindi caption ""यह घास है"" accurately translates to ""This is grass,"" matching the English caption. The blurry image does not provide enough context to verify the visual accuracy, but the translation itself is correct.",এই ঘাস,এই ঘাস,False,none,1.0,"The Bengali caption ""এই ঘাস"" accurately translates to ""this grass"", which conveys the same meaning as the English caption ""this is the grass"".",ഇതാണ് പുല്ല്,ഇതാണ് പുല്ല്,False,none,1.0,"The Malayalam caption ""ഇതാണ് പുല്ല്"" accurately translates to ""this is the grass"", matching the English caption. The visual context is too blurry to verify, but the translation itself is correct.",ଏହା ହେଉଛି ଘାସ |,ଏହା ହେଉଛି ଘାସ |,False,none,1.0,"The Odia caption accurately translates to ""this is grass"", matching the English caption. The image quality does not allow for visual verification, but the translation itself is correct."
2321343,41,5,405,309,a yellow motorcycle,एक पीले रंग की मोटरसाइकिल,एक पीले रंग की मोटरसाइकिल,False,none,1.0,"The Hindi caption ""एक पीले रंग की मोटरसाइकिल"" accurately translates to ""A yellow-colored motorcycle"", which correctly describes the image and matches the English caption.",একটি হলুদ মোটরসাইকেল,একটি হলুদ মোটরসাইকেল,False,none,1.0,"The Bengali caption correctly identifies the main object in the image as a yellow motorcycle, matching the English caption and visual content.",ഒരു മഞ്ഞ മോട്ടോർസൈക്കിൾ,ഒരു മഞ്ഞ മോട്ടോർസൈക്കിൾ,False,none,1.0,"The Malayalam caption accurately translates to ""a yellow motorcycle,"" which correctly describes the visual content of the image.",ଏକ ହଳଦିଆ ମୋଟରସାଇକେଲ୍ |,ଏକ ହଳଦିଆ ମୋଟରସାଇକେଲ୍ |,False,none,1.0,"The Odia caption accurately translates the English caption ""a yellow motorcycle"" with correct vocabulary and grammar."
2401359,30,82,180,374,woman making peace sign,शांति का संदेश देती महिला,शांति का संदेश देती महिला,False,none,1.0,The Hindi caption accurately translates the English caption and describes the visual context of the woman making a peace sign.,মহিলা শান্তির লক্ষণ তৈরি করছেন,মহিলা শান্তির লক্ষণ তৈরি করছেন,False,none,1.0,The Bengali caption accurately translates the English caption and describes the visual content of the image.,സമാധാന ചിഹ്നം ഉണ്ടാക്കുന്ന സ്ത്രീ,സമാധാന ചിഹ്നം ഉണ്ടാക്കുന്ന സ്ത്രീ,False,none,1.0,The Malayalam caption accurately translates the English caption and describes the visual content of the image.,ଶାନ୍ତି ସଙ୍କେତ କରୁଥିବା ମହିଳା |,ଶାନ୍ତି ସଙ୍କେତ କରୁଥିବା ମହିଳା |,False,none,1.0,"The Odia caption accurately translates ""woman making peace sign"" and matches the visual content of the image."
2321346,134,87,351,197,A family of giraffes.,जिराफों का एक परिवार।,जिराफों का एक परिवार।,False,none,1.0,The Hindi caption accurately translates the English caption and correctly describes the visual content of the image.,জিরাফের একটি পরিবার।,জিরাফের একটি পরিবার।,False,none,1.0,The Bengali caption accurately translates the English caption and correctly describes the visual content of the image.,ജിറാഫുകളുടെ ഒരു കുടുംബം.,ജിറാഫുകളുടെ ഒരു കുടുംബം.,False,none,1.0,The Malayalam caption is a direct and accurate translation of the English caption and correctly describes the visual content of the image.,ଜିରାଫ୍ର ଏକ ପରିବାର |,ଜିରାଫ୍ର ଏକ ପରିବାର |,False,none,1.0,"The Odia caption ""ଜିରାଫ୍ର ଏକ ପରିବାର"" accurately translates to ""A family of giraffes"" and is consistent with the visual content of the image."
2352808,31,72,162,252,Boy sitting on a bench watching the water.,पानी देखते हुए एक बेंच पर बैठे बच्चे |,पानी देखते हुए एक बेंच पर बैठे बच्चे |,False,none,1.0,"The Hindi caption correctly translates ""Boy sitting on a bench watching the water"" and accurately reflects the visual content of the image.",ছেলেটি বেঞ্চে বসে জল দেখছে।,ছেলেটি বেঞ্চে বসে জল দেখছে।,False,none,1.0,"The Bengali caption is a direct and accurate translation of the English caption, correctly identifying the subject, action, and object.",ബെഞ്ചിൽ ഇരിക്കുന്ന പയ്യൻ വെള്ളം നോക്കുന്നു .,ബെഞ്ചിൽ ഇരിക്കുന്ന പയ്യൻ വെള്ളം നോക്കുന്നു .,False,none,1.0,The Malayalam caption correctly conveys the meaning of the English caption and accurately describes the visual content of the image.,ଏକ ବେଞ୍ଚରେ ବସି ବାଳକ ପାଣି ଦେଖୁଛି |,ଏକ ବେଞ୍ଚରେ ବସି ବାଳକ ପାଣି ଦେଖୁଛି |,False,none,1.0,"The Odia caption accurately translates the English caption, describing a boy sitting on a bench and watching water, which is consistent with the provided image."
2369753,270,250,69,81,a white porcelain toilet bowl,एक सफेद चीनी मिट्टी के बरतन शौचालय का कटोरा,एक सफेद चीनी मिट्टी के बरतन शौचालय का कटोरा,False,none,1.0,"The Hindi caption is a direct and accurate translation of the English caption, correctly identifying the object and its material.",একটি সাদা চীনামাটির বাসন টয়লেট বাটি,একটি সাদা চীনামাটির বাসন টয়লেট বাটি,False,none,1.0,The Bengali caption accurately translates the English caption and describes the object visible in the image.,ഒരു കറുത്ത ട്രാഷ് ബാഗ്.,ഒരു വെളുത്ത പോർസലൈൻ ടോയ്ലറ്റ് ബൌൾ,True,poor_translation,1.0,"The target caption mistranslates the object from a toilet bowl to a trash bag, which is a significant semantic error. The color is also incorrectly translated.",ଏକ ଧଳା ଚାମଚ ଶୌଚାଳୟ ପାତ୍ର |,ଏକ ଧଳା ଚୀନାମାଟିର ପାତ୍ର ଶୌଚାଳଯ଼ ପାତ୍ର,True,poor_translation,1.0,"The target caption mistranslates ""porcelain"" as ""spoon"", which is a significant semantic error. The visual context of a toilet bowl does not involve a spoon."
2401362,38,35,427,238,small dog is laying in suitcase,छोटा कुत्ता सूटकेस में लेटा हुआ है,छोटा कुत्ता सूटकेस में लेटा हुआ है,False,none,1.0,"The Hindi caption correctly translates ""small dog is laying in suitcase"" and accurately reflects the image content.",ছোট কুকুর স্যুটকেসে শুয়ে আছে,ছোট কুকুর স্যুটকেসে শুয়ে আছে,False,none,1.0,The Bengali caption correctly translates the English caption and accurately describes the visual content of the image.,ചെറിയ നായ സ്യൂട്ട്‌കേസിൽ കിടക്കുന്നു,ചെറിയ നായ സ്യൂട്ട്‌കേസിൽ കിടക്കുന്നു,False,none,1.0,The Malayalam caption accurately describes the visual content of the image and conveys the same meaning as the English caption.,ଛୋଟ କୁକୁର ସୁଟକେସରେ ଶୋଇଛି |,ଛୋଟ କୁକୁର ସୁଟକେସରେ ଶୋଇଛି |,False,none,1.0,"The Odia caption accurately describes the image content and the English caption, stating that a small dog is lying in a suitcase."
2321355,132,55,195,202,an oversized clock face,एक ओवरसाइज़्ड क्लॉक फेस,एक ओवरसाइज़्ड क्लॉक फेस,False,none,1.0,"The Hindi caption is a direct and accurate translation of the English caption, and it correctly describes the visual content of the image.",একটি বড় আকারের ঘড়ির মুখ,একটি বড় আকারের ঘড়ির মুখ,False,none,1.0,"The Bengali caption accurately translates to ""a large-sized clock face,"" which perfectly matches the visual content of the image and the original English caption.",വലുപ്പമുള്ള ഘടികാര മുഖം,ഒരു വലുപ്പമേറിയ ക്ലോക്ക് മുഖം,True,poor_translation,0.9,"The Malayalam caption translates to ""sized clock face"" and misses the crucial descriptor ""oversized"" from the English caption. This omission significantly alters the meaning.",ଏକ ଓସାରିଆ ଘଣ୍ଟା ଚେହେରା |,ଏକ ଓସାରିଆ ଘଣ୍ଟା ଚେହେରା |,False,none,1.0,"The Odia translation accurately conveys the meaning of the English caption, describing an oversized clock face. Minor punctuation differences are ignored."
2369754,28,271,137,60,people in a red kayak,एक लाल कश्ती में लोग,एक लाल कश्ती में लोग,False,none,1.0,The Hindi caption accurately describes the image content and matches the English caption.,একটি লাল কায়ক মানুষ,একটি লাল কায়াকের লোকেরা,True,poor_translation,0.95,"The Bengali translation incorrectly states ""A red kayak person"" instead of ""People in a red kayak"", mistranslating the relationship between the people and the kayak.",ചുവന്ന കയാക്കിലെ ആളുകൾ,ചുവന്ന കയാക്കിലെ ആളുകൾ,False,none,1.0,The Malayalam caption accurately describes the image content and matches the English caption.,ଏକ ଲାଲ୍ କାୟାକରେ ଥିବା ଲୋକ |,ଏକ ଲାଲ୍ କାୟାକରେ ଥିବା ଲୋକ |,False,none,1.0,"The Odia caption accurately translates ""people in a red kayak"" by using the correct terms for ""people,"" ""red,"" and ""kayak,"" and correctly stating their presence within the kayak."
2401366,371,11,105,318,Man standing at a urinal,एक मूत्रालय में खड़ा आदमी,एक मूत्रालय में खड़ा आदमी,False,none,1.0,The Hindi caption accurately translates the English caption and describes the visual content of the image.,মূত্রের কাছে দাঁড়িয়ে মানুষ,মূত্রনালীতে দাঁড়িয়ে থাকা লোক,True,poor_translation,0.9,"The Bengali translation ""মূত্রের কাছে দাঁড়িয়ে মানুষ"" means ""Person standing near urine"", which is an inaccurate and vague translation of ""Man standing at a urinal"". The translation fails to identify the object as a urinal.",മനുഷ്യൻ ഒരു മൂത്രപ്പുരയിൽ നിൽക്കുന്നു,മനുഷ്യൻ ഒരു മൂത്രപ്പുരയിൽ നിൽക്കുന്നു,False,none,1.0,"The Malayalam caption is a direct and accurate translation of the English caption, correctly describing the visual content of the image.",ମଣିଷ ଏକ ମୂତ୍ରାଶୟରେ ଠିଆ ହୋଇଛି |,ମୂତ୍ରାଶଯ଼ ନିକଟରେ ଠିଆ ହୋଇଥିବା ବ୍ଯ଼କ୍ତି,True,poor_translation,1.0,"The target caption mistranslates ""urinal"" as ""bladder"", which is a significant semantic error. The visual context clearly shows a urinal, not a biological bladder."
2321360,313,0,127,87,one black chopstick,एक काली चॉपस्टिक,एक काली चॉपस्टिक,False,none,1.0,"The Hindi caption accurately translates the English caption ""one black chopstick"" to ""एक काली चॉपस्टिक"". The translation is correct despite the image showing two chopsticks, as the caption specifically refers to one.",একটি কালো চপস্টিক,একটি কালো চপস্টিক,False,none,1.0,"The Bengali caption accurately translates the English caption and is supported by the visual context, despite the presence of two chopsticks in the image.",ഒരു കറുത്ത ചോപ്സ്റ്റിക്ക്,ഒരു കറുത്ത ചോപ്സ്റ്റിക്ക്,False,none,1.0,The Malayalam caption accurately translates the English caption and is consistent with the visual content of the image.,ଗୋଟିଏ କଳା ଚପଷ୍ଟିକ୍ |,ଗୋଟିଏ କଳା ଚପଷ୍ଟିକ୍ |,False,none,1.0,The Odia translation accurately conveys the meaning of the English caption and is consistent with the visual context.
2352815,0,425,95,73,empty black chair next to a tattooed man,एक टैटू वाले आदमी के बगल में खाली काली कुर्सी,एक टैटू वाले आदमी के बगल में खाली काली कुर्सी,False,none,1.0,The Hindi caption accurately translates the English caption and is consistent with the visual information present in the image.,উলকি দেওয়া লোকের পাশে খালি কালো চেয়ার,উলকি দেওয়া লোকের পাশে খালি কালো চেয়ার,False,none,1.0,The Bengali caption correctly translates the English caption and accurately reflects the visual context of a tattooed man next to an empty black chair.,പച്ചകുത്തിയ മനുഷ്യന്റെ അടുത്തുള്ള ശൂന്യമായ കറുത്ത കസേര,പച്ചകുത്തിയ മനുഷ്യന്റെ അടുത്തുള്ള ശൂന്യമായ കറുത്ത കസേര,False,none,1.0,The Malayalam caption accurately translates the English caption and describes the visual elements present in the image.,ଟାଟୁ ହୋଇଥିବା ବ୍ୟକ୍ତିଙ୍କ ପାଖରେ ଖାଲି କଳା ଚେୟାର |,ଟାଟୁ ହୋଇଥିବା ବ୍ୟକ୍ତିଙ୍କ ପାଖରେ ଖାଲି କଳା ଚେୟାର |,False,none,1.0,"The Odia caption accurately translates the English caption, mentioning the empty black chair and the tattooed man. The translation is grammatically correct and natural."
2321371,73,0,212,230,a light blue train engine,एक हल्के नीले रंग की ट्रेन का इंजन,एक हल्के नीले रंग की ट्रेन का इंजन,False,none,1.0,The Hindi caption accurately translates the English caption and describes the visual content of the image.,একটি হালকা নীল ট্রেন ইঞ্জিন,একটি হালকা নীল ট্রেন ইঞ্জিন,False,none,1.0,The Bengali caption accurately translates the English caption and correctly describes the light blue train engine visible in the image.,ഇളം നീല ട്രെയിൻ എഞ്ചിൻ,ഇളം നീല ട്രെയിൻ എഞ്ചിൻ,False,none,1.0,The Malayalam caption accurately translates the English caption and describes the visual content of the image.,ହାଲୁକା ନୀଳ ଟ୍ରେନ୍ ଇଞ୍ଜିନ୍ |,ହାଲୁକା ନୀଳ ଟ୍ରେନ୍ ଇଞ୍ଜିନ୍ |,False,none,1.0,"The Odia caption accurately translates ""light blue train engine"" and matches the visual content of the image."
2369759,21,25,285,455,cat admiring its reflection,बिल्ली अपने प्रतिबिंब को निहारती है,बिल्ली अपने प्रतिबिंब को निहारती है,False,none,1.0,The Hindi caption accurately translates the English caption and describes the visual content of the image.,বিড়াল তার প্রতিবিম্ব প্রশংসা,বিড়াল তার প্রতিবিম্ব প্রশংসা,False,none,1.0,The Bengali caption accurately translates the English caption and describes the visual content of the image.,പൂച്ച അതിന്റെ പ്രതിഫലനത്തെ അഭിനന്ദിക്കുന്നു,പൂച്ച അതിന്റെ പ്രതിഫലനത്തെ അഭിനന്ദിക്കുന്നു,False,none,1.0,The Malayalam caption accurately translates the English caption and describes the visual content of the image.,ବିଲେଇ ଏହାର ପ୍ରତିଫଳନକୁ ପ୍ରଶଂସା କରେ |,ବିଲେଇ ଏହାର ପ୍ରତିଫଳନକୁ ପ୍ରଶଂସା କରେ |,False,none,1.0,The Odia caption correctly translates the English caption and accurately describes the visual content of the image.
2401367,343,285,128,88,Blue and brown skateboard ramp,नीला और भूरा स्केटबोर्ड रैम्प,नीला और भूरा स्केटबोर्ड रैम्प,False,none,1.0,The Hindi caption accurately translates the English caption and describes the visual elements present in the image.,নীল এবং বাদামী স্কেটবোর্ড র‌্যাম্প,নীল এবং বাদামী স্কেটবোর্ড র‌্যাম্প,False,none,1.0,"The Bengali caption accurately translates the English caption, describing the blue and brown colors of the skateboard ramp, which is consistent with the visual evidence.","നീല, തവിട്ട് സ്കേറ്റ്ബോർഡ് റാമ്പ്","നീല, തവിട്ട് സ്കേറ്റ്ബോർഡ് റാമ്പ്",False,none,1.0,"The Malayalam caption accurately translates the colors and the object described in the English caption, and this aligns with the visual content of the image.",ନୀଳ ଏବଂ ବାଦାମୀ ସ୍କେଟ୍ ବୋର୍ଡ ରେମ୍ପ |,ନୀଳ ଏବଂ ବାଦାମୀ ସ୍କେଟ୍ ବୋର୍ଡ ରେମ୍ପ |,False,none,1.0,The Odia caption accurately translates the colors and the object described in the English caption.
2352818,202,40,39,22,dark blue baseball hat,गहरे नीले बेसबॉल टोपी,गहरे नीले बेसबॉल टोपी,False,none,1.0,The Hindi caption accurately translates the English caption and describes the object visible in the image.,গাঢ় নীল বেসবল টুপি,গাঢ় নীল বেসবল টুপি,False,none,1.0,The Bengali caption accurately translates the English caption and describes the visual content of the image.,ഇരുണ്ട നീല ബേസ്ബോൾ തൊപ്പി,ഇരുണ്ട നീല ബേസ്ബോൾ തൊപ്പി,False,none,1.0,"The Malayalam caption ""ഇരുണ്ട നീല ബേസ്ബോൾ തൊപ്പി"" is a direct and accurate translation of the English caption ""dark blue baseball hat"", and it correctly describes the object visible in the image.",ଗାଢାନୀଳ ବେସବଲ୍ ଟୋପି |,ଗାଢାନୀଳ ବେସବଲ୍ ଟୋପି |,False,none,1.0,The Odia caption accurately translates the English caption and describes the visual content of the image.
2369760,269,88,188,216,a man swinging a bat,एक व्यक्ति जो एक बल्ले को घुमा रहा है,एक व्यक्ति जो एक बल्ले को घुमा रहा है,False,none,1.0,The Hindi caption accurately translates the English caption and describes the visual content of the image.,একটি ব্যাট দুলছে,একটি ব্যাট দুলছে,False,none,1.0,"The Bengali caption ""একটি ব্যাট দুলছে"" is a direct and accurate translation of ""a man swinging a bat"", correctly describing the visual content.",ഒരാൾ ബാറ്റ് സ്വിംഗ് ചെയ്യുന്നു,ഒരാൾ ബാറ്റ് സ്വിംഗ് ചെയ്യുന്നു,False,none,1.0,The Malayalam caption accurately translates the English caption and describes the action shown in the image.,ଜଣେ ବ୍ୟକ୍ତି ବ୍ୟାଟ୍ ସୁଇଙ୍ଗ୍ କରୁଛନ୍ତି |,ଜଣେ ବ୍ୟକ୍ତି ବ୍ୟାଟ୍ ସୁଇଙ୍ଗ୍ କରୁଛନ୍ତି |,False,none,1.0,The Odia caption accurately translates the English caption and describes the visual content of the image.
2321383,425,153,57,52,This is a horse,यह एक घोड़ा है,यह एक घोड़ा है,False,none,1.0,"The Hindi caption accurately translates to ""This is a horse"" and correctly identifies the subject in the image.",এটি একটি ঘোড়া,এটি একটি ঘোড়া,False,none,1.0,"The Bengali caption correctly identifies the subject of the image as a horse, aligning with the English caption and visual evidence.",ഇതൊരു കുതിരയാണ്,ഇതൊരു കുതിരയാണ്,False,none,1.0,"The Malayalam caption accurately translates to ""This is a horse"" and correctly identifies the subject in the image.",ଏହା ଏକ ଘୋଡା |,ଏହା ଏକ ଘୋଡା |,False,none,1.0,The Odia caption accurately translates the English caption and describes the visual content of the image.
2401383,186,2,215,316,a banana slug on a porcelain background,एक चीनी मिट्टी के बरतन पृष्ठभूमि पर एक केला स्लग,एक चीनी मिट्टी के बरतन पृष्ठभूमि पर एक केला स्लग,False,none,1.0,"The Hindi caption correctly identifies the subject as a ""banana slug"" and the background as ""porcelain,"" matching the English caption and visual context.",চীনামাটির বাসন পটভূমিতে একটি কলা স্লাগ,চীনামাটির বাসন পটভূমিতে একটি কলা স্লাগ,False,none,1.0,"The Bengali caption correctly identifies the object as a banana slug and its background as porcelain, matching the English caption and the visual content.",ഒരു പോർസലൈൻ പശ്ചാത്തലത്തിൽ ഒരു ഒച്ച്,ഒരു പോർസലൈൻ പശ്ചാത്തലത്തിൽ ഒരു വാഴപ്പഴ സ്ലഗ്,True,poor_translation,0.9,"The target caption translates to ""a slug on a porcelain background"". It fails to specify that it is a ""banana slug"" as mentioned in the English caption.",ଏକ ଚାମଚ ପୃଷ୍ଠଭୂମିରେ ଏକ କଦଳୀ ସ୍ଲଗ୍ |,ଏକ ଚୀନାମାଟିର ପାତ୍ର ପୃଷ୍ଠଭୂମିରେ ଏକ କଦଳୀ ସ୍ଲଗ୍,True,poor_translation,1.0,"The target caption incorrectly translates the background as ""spoon"" instead of ""porcelain"". This changes the visual context described in the English caption."
2352822,85,143,115,82,Group of sheep turned to the left of the road.,भेड़ों का समूह सड़क के बाईं ओर मुड़ गया।,भेड़ों का समूह सड़क के बाईं ओर मुड़ गया।,False,none,1.0,The Hindi caption accurately translates the English caption and describes the visual context of the sheep being on the left side of the road.,একদল ভেড়া রাস্তার বাম দিকে ঘুরল।,একদল ভেড়া রাস্তার বাম দিকে ঘুরল।,False,none,1.0,The Bengali translation accurately conveys the meaning of the English caption and is consistent with the visual information in the image.,ആടുകളുടെ ഒരു സംഘം റോഡിന്റെ ഇടതുവശത്തേക്ക് തിരിഞ്ഞു.,ആടുകളുടെ ഒരു സംഘം റോഡിന്റെ ഇടതുവശത്തേക്ക് തിരിഞ്ഞു.,False,none,1.0,The Malayalam caption accurately translates the English caption and aligns with the visual context of the image.,ମେଣ୍ଢା ଗୋଷ୍ଠୀ ରାସ୍ତାର ବାମ ଆଡ଼କୁ ଗଲେ।,ମେଣ୍ଢା ଗୋଷ୍ଠୀ ରାସ୍ତାର ବାମ ଆଡ଼କୁ ଗଲେ।,False,none,1.0,"The Odia caption accurately translates the English caption and aligns with the visual context of the image, describing a group of sheep moving to the left of the road."
2401389,51,34,143,65,the tennis racket the man is holding,टेनिस रैकेट आदमी पकड़े हुए है,टेनिस रैकेट आदमी पकड़े हुए है,False,none,1.0,The Hindi caption accurately translates the English caption and describes the visual content of the image.,লোকটি টেনিস র‌্যাকেট ধরে রেখেছে,লোকটি টেনিস র‌্যাকেট ধরে রেখেছে,False,none,1.0,The Bengali caption accurately translates the English caption and describes the visual content of the image.,മനുഷ്യൻ കൈവശം വച്ചിരിക്കുന്ന ടെന്നീസ് റാക്കറ്റ്,മനുഷ്യൻ കൈവശം വച്ചിരിക്കുന്ന ടെന്നീസ് റാക്കറ്റ്,False,none,1.0,"The Malayalam caption correctly identifies the object (tennis racket) and the action (being held by a man), aligning perfectly with the visual information and the English caption.",ସେହି ବ୍ୟକ୍ତି ଧରିଥିବା ଟେନିସ୍ ରାକେଟ୍ |,ସେହି ବ୍ୟକ୍ତି ଧରିଥିବା ଟେନିସ୍ ରାକେଟ୍ |,False,none,1.0,The Odia caption accurately translates the English caption and is consistent with the visual context of the image.
2369761,77,7,297,471,three giraffes eating leaves,पत्तियां खाने वाले तीन जिराफ,पत्तियां खाने वाले तीन जिराफ,False,none,1.0,The Hindi caption accurately translates the English caption and correctly describes the visual content of the image.,তিনটি জিরাফ পাতা খায়,তিনটি জিরাফ পাতা খায়,False,none,1.0,The Bengali caption accurately translates the English caption and correctly describes the visual content of the image.,മൂന്ന് ജിറാഫുകൾ ഇലകൾ തിന്നുന്നു,മൂന്ന് ജിറാഫുകൾ ഇലകൾ തിന്നുന്നു,False,none,1.0,The Malayalam caption accurately translates the English caption and describes the visual content of the image.,ପତ୍ର ଖାଉଥିବା ତିନୋଟି ଜିରାଫ୍ |,ପତ୍ର ଖାଉଥିବା ତିନୋଟି ଜିରାଫ୍ |,False,none,1.0,The Odia caption accurately describes the visual content of the image and the meaning of the English caption.
2352827,231,39,177,75,gray horizontal traffic signal,ग्रे क्षैतिज यातायात संकेत,ग्रे क्षैतिज यातायात संकेत,False,none,1.0,The Hindi caption accurately translates the English caption and correctly describes the visual content of the image.,ধূসর অনুভূমিক ট্র্যাফিক সিগন্যাল,ধূসর অনুভূমিক ট্র্যাফিক সিগন্যাল,False,none,1.0,"The Bengali caption is a direct and accurate translation of the English caption, correctly identifying the object and its attributes.",ഗ്രേ തിരശ്ചീന ട്രാഫിക് സിഗ്നൽ,ഗ്രേ തിരശ്ചീന ട്രാഫിക് സിഗ്നൽ,False,none,1.0,The Malayalam caption correctly translates the English caption and accurately describes the visual content of the image.,ଧୂସର ଭୂସମାନ୍ତର ଟ୍ରାଫିକ୍ ସଙ୍କେତ |,ଧୂସର ଭୂସମାନ୍ତର ଟ୍ରାଫିକ୍ ସଙ୍କେତ |,False,none,1.0,"The Odia caption accurately translates ""gray horizontal traffic signal"" and matches the visual content of the image."
2321386,58,160,74,123,Red and black has can in the truck,लाल और काला ट्रक में हो सकता है,ट्रक में लाल और काले रंग के डिब्बे हैं।,True,poor_translation,0.95,"The Hindi translation incorrectly uses ""हो सकता है"" (can be) instead of the correct term for ""gas can."" This changes the meaning from a description of an object to a statement of possibility.",ট্রাকে লাল এবং কালো রঙের ক্যান থাকতে পারে,ট্রাকে লাল এবং কালো রঙের ক্যান থাকতে পারে,False,none,0.9,"The Bengali caption accurately describes the presence of a red can in the truck, which is consistent with the image and the English caption. The inclusion of ""may have"" is a minor stylistic difference.",ട്രക്കിൽ ചുവപ്പും കറുപ്പും ഉണ്ട്,ചുവപ്പും കറുപ്പും നിറത്തിലുള്ള ക്യാനുകൾ ട്രക്കിൽ ഉണ്ട്.,True,poor_translation,0.95,"The Malayalam caption is a poor translation because it omits the key object ""gas can"" from the English caption, making the translation incomplete and less informative.",ଟ୍ରକରେ ଲାଲ ଏବଂ କଳା ଅଛି |,ଲାଲ ଏବଂ କଳା ରଙ୍ଗର କ୍ଯ଼ାନ୍ ଟ୍ରକ୍ରେ ରହିଛି।,True,poor_translation,1.0,"The target caption is a literal translation of ""There is red and black in the truck"" and omits the main subject ""can"" which is present in the English caption and the image. This makes the translation incomplete and inaccurate."
2369770,320,169,82,36,a pink soap holder,एक गुलाबी साबुन धारक,एक गुलाबी साबुन धारक,False,none,1.0,The Hindi caption accurately translates the English caption and correctly identifies the object as a pink soap holder based on the visual context.,একটি গোলাপী সাবান ধারক,একটি গোলাপী সাবান ধারক,False,none,1.0,The Bengali caption correctly translates the English caption and is consistent with the visual context of a pink soap holder.,ഒരു പിങ്ക് സോപ്പ് ഹോൾഡർ,ഒരു പിങ്ക് സോപ്പ് ഹോൾഡർ,False,none,1.0,The Malayalam caption accurately translates the English caption and describes the object visible in the image.,ଗୋଲାପୀ ସାବୁନ୍ ଧାରକ |,ଗୋଲାପୀ ସାବୁନ୍ ଧାରକ |,False,none,1.0,"The Odia caption accurately translates to ""pink soap holder"" and matches the visual content of the image."
2401390,126,226,340,104,There are two chairs,दो कुर्सियाँ थी,दो कुर्सियाँ हैं,True,poor_translation,1.0,"The Hindi translation uses the past tense ""थी"" (were) while the English caption and the image context imply the present tense ""हैं"" (are).",দুটি চেয়ার আছে,দুটি চেয়ার আছে,False,none,1.0,"The Bengali caption accurately translates the English caption and correctly describes the visual content of the image, which shows two chairs.",രണ്ട് കസേരകളുണ്ട്,രണ്ട് കസേരകളുണ്ട്,False,none,1.0,"The Malayalam caption accurately translates ""There are two chairs"" and matches the visual content of the image.",ଦୁଇଟି ଚେୟାର ଅଛି |,ଦୁଇଟି ଚେୟାର ଅଛି |,False,none,1.0,The Odia caption accurately translates the English caption and correctly identifies the objects present in the image.
2321388,222,107,43,55,green and black kite in the sky,आकाश में हरी और काली पतंग,आकाश में हरी और काली पतंग,False,none,1.0,The Hindi caption accurately translates the English caption and describes the visual content of the image.,আকাশে সবুজ ও কালো ঘুড়ি,আকাশে সবুজ ও কালো ঘুড়ি,False,none,1.0,"The Bengali caption accurately describes the image and the English caption, identifying the object as a green and black kite in the sky.",ആകാശത്ത് പച്ചയും കറുത്ത പട്ടം,ആകാശത്ത് പച്ചയും കറുത്ത പട്ടം,False,none,1.0,The Malayalam caption accurately translates the English caption and is consistent with the visual context of the image.,ଆକାଶରେ ସବୁଜ ଏବଂ କଳା ଗୁଡ଼ି |,ଆକାଶରେ ସବୁଜ ଏବଂ କଳା ଗୁଡ଼ି |,False,none,1.0,The Odia caption accurately describes the image content and the English caption.
2352829,237,30,81,185,soccer player wearing pink on field,मैदान पर गुलाबी पहने फुटबॉल खिलाड़ी,मैदान पर गुलाबी पहने फुटबॉल खिलाड़ी,False,none,1.0,"The Hindi caption correctly translates all elements of the English caption, including the sport, the action of wearing, the color, and the location.",মাঠে গোলাপী পরা ফুটবল খেলোয়াড়,মাঠে গোলাপী পরা ফুটবল খেলোয়াড়,False,none,1.0,"The Bengali caption accurately translates all components of the English caption, including the sport, the action of wearing, the color, and the location.",മൈതാനത്ത് പിങ്ക് ധരിച്ച സോക്കർ കളിക്കാരൻ,മൈതാനത്ത് പിങ്ക് ധരിച്ച സോക്കർ കളിക്കാരൻ,False,none,1.0,"The Malayalam caption correctly translates all elements of the English caption, including the sport, the color of the attire, and the location. The translation is natural and accurate.",ପଡ଼ିଆରେ ଗୋଲାପୀ ପିନ୍ଧିଥିବା ଫୁଟବଲ ଖେଳାଳୀ |,ପଡ଼ିଆରେ ଗୋଲାପୀ ପିନ୍ଧିଥିବା ଫୁଟବଲ ଖେଳାଳୀ |,False,none,1.0,"The Odia caption accurately translates ""soccer player wearing pink on field"" by identifying the player, their attire color, and the location. The translation is grammatically correct and natural in Odia."
2369775,97,71,151,292,person on skateboard,स्केटबोर्ड पर व्यक्ति,स्केटबोर्ड पर व्यक्ति,False,none,1.0,The Hindi caption is a direct and accurate translation of the English caption and correctly describes the visual content of the image.,স্কেটবোর্ডে ব্যক্তি,স্কেটবোর্ডে ব্যক্তি,False,none,1.0,The Bengali caption is a direct and accurate translation of the English caption and correctly describes the visual content of the image.,സ്കേറ്റ്ബോർഡിലെ വ്യക്തി,സ്കേറ്റ്ബോർഡിലെ വ്യക്തി,False,none,1.0,The Malayalam caption is a direct and accurate translation of the English caption and correctly describes the visual content of the image.,ସ୍କେଟ୍ ବୋର୍ଡରେ ଥିବା ବ୍ୟକ୍ତି |,ସ୍କେଟ୍ ବୋର୍ଡରେ ଥିବା ବ୍ୟକ୍ତି |,False,none,1.0,The Odia caption accurately translates the English caption and describes the visual content of the image.
2401393,207,13,202,169,pizza being cut with a scissor,पिज्जा को कैंची से काटा जा रहा है,पिज्जा को कैंची से काटा जा रहा है,False,none,1.0,The Hindi caption is a direct and accurate translation of the English caption and correctly describes the action shown in the image.,একটি কাঁচি দিয়ে পিজ্জা কাটা হচ্ছে,একটি কাঁচি দিয়ে পিজ্জা কাটা হচ্ছে,False,none,1.0,"The Bengali caption ""একটি কাঁচি দিয়ে পিজ্জা কাটা হচ্ছে"" correctly translates to ""pizza being cut with a scissor"" and accurately reflects the visual content of the image.",പിസ്സ ഒരു കത്രിക ഉപയോഗിച്ച് മുറിക്കുന്നു,പിസ്സ ഒരു കത്രിക ഉപയോഗിച്ച് മുറിക്കുന്നു,False,none,1.0,The Malayalam caption accurately describes the action shown in the image and matches the English caption.,ଏକ କଇଁଚି ସହିତ ପିଜ୍ଜା କାଟି ଦିଆଯାଉଛି |,ଏକ କଇଁଚି ସହିତ ପିଜ୍ଜା କାଟି ଦିଆଯାଉଛି |,False,none,1.0,The Odia caption accurately describes the visual content of the image and the action mentioned in the English caption.
2352831,346,294,17,44,small blue glass bottle on top of windowsill,खिड़की के ऊपर छोटी नीली कांच की बोतल,खिड़की के ऊपर छोटी नीली कांच की बोतल,False,none,1.0,"The Hindi caption is a direct and accurate translation of the English caption, correctly identifying the object, its color, material, size, and location.",উইন্ডোজিলের উপরে ছোট ছোট নীল কাচের বোতল,জানালার উপরে ছোট নীল কাচের বোতল,True,poor_translation,0.95,"The Bengali caption incorrectly uses a plural form (""ছোট ছোট"" - small small) for a single bottle, which is not a natural or accurate translation of the English caption.",വിൻസിലിന് മുകളിൽ ചെറിയ നീല ഗ്ലാസ് കുപ്പി,വിൻസിലിന് മുകളിൽ ചെറിയ നീല ഗ്ലാസ് കുപ്പി,False,none,1.0,"The Malayalam caption is a direct and accurate translation of the English caption, correctly identifying the object and its location.",ୱିଣ୍ଡୋ ୱିଲ୍ ଉପରେ ଛୋଟ ନୀଳ ଗ୍ଲାସ୍ ବୋତଲ |,ଝରକା ଉପରେ ଛୋଟ ନୀଳ କାଚ ବୋତଲ,True,poor_translation,0.9,"The translation is a literal transliteration of English words into Odia script, resulting in unnatural phrasing and word choices that do not reflect idiomatic Odia. The meaning is conveyed, but the language is not fluent."
2369777,81,330,77,124,footprints in the sand,माटी में पैरो के निशान,रेत में पैरों के निशान,True,poor_translation,0.95,"The target caption incorrectly translates ""sand"" to ""माटी"" (soil/mud) instead of ""रेत"" (sand), which is a mistranslation of the visual context.",বালি পদচিহ্নের,বালিতে পায়ের ছাপ,True,poor_translation,0.9,"The Bengali caption is grammatically incomplete and unnatural. It translates to ""of sand footprints"" instead of ""footprints in the sand"".",വർണ്ണാഭമായ സ്കാർഫ് ധരിച്ച ഒരു സ്ത്രീ,മണലിലെ കാൽപ്പാടുകൾ,True,poor_translation,1.0,"The target caption describes a woman wearing a scarf, which is completely unrelated to the English caption about footprints in the sand and the visual content of the image.",ବାଲିରେ ପାଦଚିହ୍ନ |,ବାଲିରେ ପାଦଚିହ୍ନ |,False,none,1.0,"The Odia caption accurately translates to ""footprints in the sand"" and matches the visual content of the image."
2401395,335,202,40,32,part of an engine,एक इंजन का हिस्सा,एक इंजन का हिस्सा,False,none,1.0,The Hindi caption accurately translates the English caption and is consistent with the visual content of the image.,একটি ইঞ্জিনের অংশ,একটি ইঞ্জিনের অংশ,False,none,1.0,The Bengali translation is accurate and directly corresponds to the English caption and the visual content.,ഒരു എഞ്ചിന്റെ ഭാഗം,ഒരു എഞ്ചിന്റെ ഭാഗം,False,none,1.0,The Malayalam caption accurately translates the English caption and is consistent with the visual content of the image.,ଏକ ଇଞ୍ଜିନର ଅଂଶ |,ଏକ ଇଞ୍ଜିନର ଅଂଶ |,False,none,1.0,"The Odia caption accurately translates the English caption ""part of an engine"" and is consistent with the visual context."
2321402,123,139,99,34,sunglasses on a man's face,एक आदमी के चेहरे पर धूप का चश्मा,एक आदमी के चेहरे पर धूप का चश्मा,False,none,1.0,"The Hindi caption ""एक आदमी के चेहरे पर धूप का चश्मा"" correctly translates to ""sunglasses on a man's face"". The translation is accurate and natural.",একটি মানুষের মুখে সানগ্লাস,একটি মানুষের মুখে সানগ্লাস,False,none,1.0,The Bengali caption accurately translates the English caption and describes the visual content of the image.,"ചുവപ്പ് വെള്ള, നീല തലം എഞ്ചിൻ",ഒരു പുരുഷൻറെ മുഖത്ത് സൺഗ്ലാസുകൾ,True,poor_translation,1.0,The target caption is a completely unrelated and nonsensical translation of the English caption and the image content. It does not describe sunglasses or a man's face.,ଜଣେ ବ୍ୟକ୍ତିଙ୍କ ମୁହଁରେ ଚଷମା |,ଜଣେ ବ୍ୟକ୍ତିଙ୍କ ମୁହଁରେ ଚଷମା |,False,none,1.0,"The Odia caption ""ଜଣେ ବ୍ୟକ୍ତିଙ୍କ ମୁହଁରେ ଚଷମା"" accurately translates to ""sunglasses on a person's face,"" which matches the visual content and the English caption."
2352837,51,154,76,73,this is a train,यह एक रेलगाड़ी है,यह एक रेलगाड़ी है,False,none,1.0,"The Hindi caption correctly identifies the object in the image as a train, matching the English caption.",এটি একটি ট্রেন,এটি একটি ট্রেন,False,none,1.0,The Bengali caption accurately translates the English caption and describes the visual content of the image.,ഇതൊരു ട്രെയിൻ ആണ്,ഇതൊരു ട്രെയിൻ ആണ്,False,none,1.0,The Malayalam caption is a direct and accurate translation of the English caption and correctly describes the image content.,ଏହା ଏକ ଟ୍ରେନ୍ |,ଏହା ଏକ ଟ୍ରେନ୍ |,False,none,1.0,The Odia caption accurately translates the English caption and describes the visual content of the image.
2369779,57,93,371,47,zebras in the water,ज़ेबरा पानी में,ज़ेबरा पानी में,False,none,1.0,"The Hindi caption accurately translates the English caption and correctly describes the visual content of the image, with no significant translation errors or need for further visual context.",জলে জেব্রা,জলে জেব্রা,False,none,1.0,"The Bengali caption accurately translates to ""Zebras in water"" and correctly describes the image content.",സീബ്രകൾ വെള്ളത്തിൽ,സീബ്രകൾ വെള്ളത്തിൽ,False,none,1.0,"The Malayalam caption accurately translates the English caption and describes the visual content of the image, which shows zebras in water.",ପାଣିରେ ଜେବ୍ରା |,ପାଣିରେ ଜେବ୍ରା |,False,none,1.0,The Odia caption accurately translates the English caption and correctly describes the visual content of the image.
2352840,126,202,221,45,white and green street sign,सफेद और हरे रंग की सड़क पर हस्ताक्षर,सफेद और हरे रंग की सड़क पर हस्ताक्षर,False,none,1.0,The Hindi caption accurately translates the English caption and describes the visual elements of the street sign.,সাদা এবং সবুজ রাস্তার চিহ্ন,সাদা এবং সবুজ রাস্তার চিহ্ন,False,none,1.0,"The Bengali caption accurately translates the English caption and describes the visual content of the image, which is a white and green street sign.","വെള്ള, പച്ച തെരുവ് ചിഹ്നം","വെള്ള, പച്ച തെരുവ് ചിഹ്നം",False,none,1.0,The Malayalam caption accurately translates the English caption and describes the visual elements of the street sign.,ଧଳା ଏବଂ ସବୁଜ ଗଳି ଚିହ୍ନ |,ଧଳା ଏବଂ ସବୁଜ ଗଳି ଚିହ୍ନ |,False,none,1.0,The Odia caption accurately translates the English caption and correctly describes the visual elements of the street sign.
2369792,225,271,72,25,white snow on the ground,जमीन पर सफेद बर्फ,जमीन पर सफेद बर्फ,False,none,1.0,The Hindi caption accurately translates the English caption and describes the visual content of the image.,মাটিতে সাদা তুষার,মাটিতে সাদা তুষার,False,none,1.0,The Bengali caption accurately translates the English caption and describes the visual content of the image.,നിലത്ത് വെളുത്ത മഞ്ഞ്,നിലത്ത് വെളുത്ത മഞ്ഞ്,False,none,1.0,The Malayalam caption accurately translates the English caption and describes the visual content of the image.,ଭୂମିରେ ଧଳା ବରଫ |,ଭୂମିରେ ଧଳା ବରଫ |,False,none,1.0,The Odia caption accurately translates the English caption and is consistent with the visual context of the image.
2401406,0,2,497,285,the people are skiing.,लोग स्कीइंग कर रहे हैं।,लोग स्कीइंग कर रहे हैं।,False,none,1.0,The Hindi caption accurately translates the English caption and correctly describes the visual content of the image.,লোকেরা স্কিইং করছে,লোকেরা স্কিইং করছে,False,none,1.0,The Bengali caption accurately translates the English caption and describes the visual content of the image.,ആളുകൾ സ്കീയിംഗ് ചെയ്യുന്നു.,ആളുകൾ സ്കീയിംഗ് ചെയ്യുന്നു.,False,none,1.0,The Malayalam caption accurately translates the English caption and correctly describes the visual content of the image.,ଲୋକମାନେ ସ୍କିଇ କରୁଛନ୍ତି |,ଲୋକମାନେ ସ୍କିଇ କରୁଛନ୍ତି |,False,none,1.0,"The Odia caption ""ଲୋକମାନେ ସ୍କିଇ କରୁଛନ୍ତି"" accurately translates to ""People are skiing"" and correctly describes the visual content of the image."
2321408,75,51,280,433,bear on a couch,एक सोफे पर भालू,एक सोफे पर भालू,False,none,1.0,The Hindi caption accurately translates the English caption and describes the visual content of the image.,একটি পালঙ্ক উপর ভালুক,একটি পালঙ্ক উপর ভালুক,False,none,1.0,The Bengali caption accurately translates the English caption and describes the visual content of the image.,ഒരു കട്ടിലിൽ കരടി,ഒരു സോഫയിൽ കരടി,True,poor_translation,1.0,"The target caption incorrectly translates ""couch"" to ""bed"" in Malayalam. The image shows the bear on a couch, not a bed.",ଏକ ବିଛଣା ଉପରେ,ଏକ ସୋଫାରେ ବହନ କରନ୍ତୁ,True,poor_translation,1.0,"The target caption incorrectly translates ""couch"" to ""bed"" in Odia, misrepresenting the visual context of the image."
2352841,164,118,85,58,DESTINATION OF BUS ROUTE ON BUS,बस पर बस रूट का निस्तारण,बस पर बस रूट का स्थान निर्धारण,True,poor_translation,0.95,"The Hindi caption uses the word ""निस्तारण"" (nistaran) which means ""disposal"" instead of ""destination."" The correct word for destination in Hindi is ""गंतव्य"" (gantavya) or ""मंज़िल"" (manzil).",বাসে বাসের যাত্রা নির্ধারণ,বাসে বাসের যাত্রা নির্ধারণ,False,none,0.95,"The Bengali translation accurately conveys the meaning of the English caption, referring to the destination of a bus route. The translation is natural and grammatically correct in Bengali.",ബസിലെ റൂട്ട് നിർണ്ണയിക്കൽ,ബസിൽ ബസ് റൂട്ട് നിർണ്ണയിക്കൽ,True,poor_translation,0.95,"The Malayalam caption translates to ""Bus route determination"" which is not the same as ""destination of bus route"". The image clearly shows destinations like ""TRAFALGAR SQUARE"".",ବସ୍ ଉପରେ ବସ୍ ରୁଟ୍ ର ଲକ୍ଷ୍ୟ |,ବସ୍ ଉପରେ ବସ୍ ରୁଟ୍ ର ଲକ୍ଷ୍ୟ |,False,none,1.0,"The Odia caption accurately translates the English caption, stating ""Destination of bus route on bus"". The visual context of the image, showing a bus route sign, supports this translation."
2369813,188,146,22,40,Small lamp on table.,टेबल पर छोटा दीपक।,टेबल पर छोटा दीपक।,False,none,1.0,The Hindi caption accurately translates the English caption and describes the visual content of the image.,টেবিলের উপর ছোট বাতি।,টেবিলের উপর ছোট বাতি।,False,none,1.0,The Bengali caption accurately translates the English caption and describes the visual content of the image.,മേശപ്പുറത്ത് ചെറിയ വിളക്ക്.,മേശപ്പുറത്ത് ചെറിയ വിളക്ക്.,False,none,1.0,The Malayalam caption accurately translates the English caption and describes the visual content of the image.,ଟେବୁଲ ଉପରେ ଛୋଟ ଦୀପ |,ଟେବୁଲ ଉପରେ ଛୋଟ ଦୀପ |,False,none,1.0,The Odia caption accurately translates the English caption and describes the visual content of the image.
2401407,320,80,179,151,Utensils on a plate,एक प्लेट पर बर्तन,एक प्लेट पर बर्तन,False,none,1.0,The Hindi translation accurately describes the image content and matches the English caption.,একটি প্লেটে বাসন,একটি প্লেটে বাসন,False,none,1.0,The Bengali caption correctly translates the English caption and accurately describes the visual content of the image.,ഒരു പ്ലേറ്റിലെ പാത്രങ്ങൾ,ഒരു പ്ലേറ്റിലെ പാത്രങ്ങൾ,False,none,1.0,The Malayalam caption accurately translates the English caption and describes the visual content of the image.,ଏକ ଥାଳୀରେ ବାସନ,ଏକ ଥାଳୀରେ ବାସନ,False,none,1.0,"The Odia caption accurately translates to ""Utensils in a plate"" and correctly describes the visual content of the image."
2352848,3,8,310,258,body of water with boat in it,इसमें नाव के साथ पानी का शरीर,इसमें नाव के साथ पानी का शरीर,False,none,1.0,The Hindi caption accurately translates the English caption and describes the visual content of the image.,এটিতে নৌকা নিয়ে জলের শরীর,এটিতে নৌকা নিয়ে জলের শরীর,False,none,1.0,"The Bengali translation accurately conveys the meaning of the English caption, describing a body of water with a boat in it. The grammar and vocabulary are correct and natural for the language.",അതിൽ വള്ളം ഉള്ള ജലാശയം,അതിൽ വള്ളം ഉള്ള ജലാശയം,False,none,1.0,"The Malayalam caption is a direct and accurate translation of the English caption, correctly describing the visual content of the image.",ସେଥିରେ ଡଙ୍ଗା ସହିତ ଜଳରାଶି |,ସେଥିରେ ଡଙ୍ଗା ସହିତ ଜଳରାଶି |,False,none,1.0,The Odia caption accurately translates the English caption and describes the visual content of the image.
2321417,286,232,85,77,the gree grass is short,ग्रीन घास छोटा है,ग्रीन घास छोटा है,False,none,1.0,The Hindi caption accurately translates the English caption and is consistent with the visual context of short green grass.,গ্রী ঘাস সংক্ষিপ্ত,গ্রী ঘাস সংক্ষিপ্ত,False,none,1.0,The Bengali caption accurately translates the English caption and describes the visual content of the image.,പച്ച പുല്ല് ചെറുതാണ്,പച്ച പുല്ല് ചെറുതാണ്,False,none,1.0,The Malayalam caption accurately translates the English caption and describes the visual content of the image.,ଗ୍ରୀ ଘାସ ଛୋଟ |,ଗ୍ରୀ ଘାସ ଛୋଟ |,False,none,1.0,"The Odia caption correctly translates ""green grass is short"" and matches the visual context."
2369814,56,96,400,115,a blue and white plane,एक नीला और सफेद हवाई जहाज,एक नीला और सफेद हवाई जहाज,False,none,1.0,The Hindi caption accurately translates the English caption and describes the visual elements of the airplane shown in the image.,একটি নীল এবং সাদা বিমান,একটি নীল এবং সাদা বিমান,False,none,1.0,The Bengali caption correctly translates the English caption and accurately describes the visual content of the image.,നീലയും വെള്ളയും നിറമുളള ഒരു വിമാനം,നീലയും വെള്ളയും നിറമുളള ഒരു വിമാനം,False,none,1.0,"The Malayalam caption ""നീലയും വെള്ളയും നിറമുളള ഒരു വിമാനം"" directly translates to ""a blue and white colored airplane,"" which accurately describes the visual content of the image.",ଏକ ନୀଳ ଏବଂ ଧଳା ବିମାନ |,ଏକ ନୀଳ ଏବଂ ଧଳା ବିମାନ |,False,none,1.0,The Odia caption accurately describes the blue and white plane visible in the image.
2401411,31,17,464,236,Toasted sandwich cut into halves,टोस्ट सैंडविच कटे हुए हिस्सों में,टोस्ट सैंडविच कटे हुए हिस्सों में,False,none,1.0,The Hindi caption accurately translates the English caption and describes the visual content of the image.,টোস্টেড স্যান্ডউইচ অর্ধেক কাটা,টোস্টেড স্যান্ডউইচ অর্ধেক কাটা,False,none,1.0,"The Bengali caption is a direct and accurate translation of the English caption, correctly identifying the object and its state.",ടോസ്റ്റുചെയ്ത സാൻഡ്‌വിച്ച് പകുതിയായി മുറിച്ചു,ടോസ്റ്റുചെയ്ത സാൻഡ്‌വിച്ച് പകുതിയായി മുറിച്ചു,False,none,1.0,The Malayalam caption accurately describes the image and translates the English caption without any errors.,ଟୋଷ୍ଟ ହୋଇଥିବା ସାଣ୍ଡୱିଚ୍ ଅଧା କାଟି ଦିଆଯାଏ |,ଟୋଷ୍ଟ ହୋଇଥିବା ସାଣ୍ଡୱିଚ୍ ଅଧା କାଟି ଦିଆଯାଏ |,False,none,1.0,The Odia caption accurately describes the image and matches the meaning of the English caption.
2321418,161,49,255,73,white lettering on blue sign,नीले अक्षर पर सफेद अक्षर,नीले रंग के चिन्ह पर सफेद अक्षर,True,poor_translation,1.0,"The target caption mistranslates ""sign"" as ""letters"", making the description inaccurate. The correct translation should reflect that the white lettering is on a blue sign.",নীল সাইন উপর সাদা অক্ষর,নীল সাইন উপর সাদা অক্ষর,False,none,1.0,"The Bengali caption ""নীল সাইন উপর সাদা অক্ষর"" accurately translates to ""white lettering on blue sign"", matching the visual content and the English caption.",നീല ചിഹ്നത്തിൽ വെളുത്ത അക്ഷരങ്ങൾ,നീല ചിഹ്നത്തിൽ വെളുത്ത അക്ഷരങ്ങൾ,False,none,1.0,"The Malayalam caption ""നീല ചിഹ്നത്തിൽ വെളുത്ത അക്ഷരങ്ങൾ"" translates to ""white letters on a blue sign,"" which perfectly matches the visual content of the image and the English caption.",ନୀଳ ଚିହ୍ନ ଉପରେ ଧଳା ଅକ୍ଷର |,ନୀଳ ଚିହ୍ନ ଉପରେ ଧଳା ଅକ୍ଷର |,False,none,1.0,The Odia caption accurately describes the visual elements present in the image and matches the English caption.
2369822,277,151,29,25,the number 276 on bus,बस पर नंबर 276 लिखा है,बस पर नंबर 276 लिखा है,False,none,1.0,The Hindi caption accurately translates the English caption and describes the visual content of the image.,বাসে 276 নম্বর,বাসে 276 নম্বর,False,none,1.0,The Bengali translation correctly conveys the meaning of the English caption and is consistent with the visual information.,ബസ്സിലെ നമ്പർ 276,ബസ്സിലെ നമ്പർ 276,False,none,1.0,The Malayalam caption accurately translates the English caption and describes the visual content of the image.,ବସ୍ ରେ 276 ସଂଖ୍ୟା |,ବସ୍ ରେ 276 ସଂଖ୍ୟା |,False,none,1.0,"The Odia caption accurately translates the English caption, with only a minor punctuation difference."
2352851,155,73,125,200,Toddler standing near the ocean's edge,समुद्र के किनारे के पास खड़ा बच्चा,समुद्र के किनारे के पास खड़ा बच्चा,False,none,1.0,"The Hindi caption is a direct and accurate translation of the English caption, conveying the same meaning without any errors.",টডলার সমুদ্রের ধারে কাছে দাঁড়িয়ে আছে,টডলার সমুদ্রের ধারে কাছে দাঁড়িয়ে আছে,False,none,1.0,The Bengali caption correctly conveys the meaning of the English caption and is consistent with the visual information in the image.,കടലിന്റെ അരികിൽ നിൽക്കുന്ന കള്ള്,കടലിന്റെ അരികിൽ നിൽക്കുന്ന കുഞ്ഞ്,True,poor_translation,1.0,"The Malayalam word ""കള്ള്"" translates to ""toddy"" (an alcoholic beverage), not ""toddler"" as intended by the English caption. This is a significant mistranslation.",ସମୁଦ୍ର କୂଳ ନିକଟରେ ଠିଆ ହୋଇଥିବା ଛୋଟ ପିଲା |,ସମୁଦ୍ର କୂଳ ନିକଟରେ ଠିଆ ହୋଇଥିବା ଛୋଟ ପିଲା |,False,none,1.0,The Odia caption accurately describes the visual content of the image and conveys the meaning of the English caption.
2401412,202,10,92,188,this is a buiding,यह एक इमारत है,यह एक इमारत है,False,none,1.0,The Hindi caption accurately translates the English caption and describes the image content.,এটি একটি চালিকা,এটি একটি ক্রয়,True,poor_translation,1.0,"The Bengali translation ""চালিকা"" means ""driver"" or ""vehicle"", which is incorrect as the image depicts a building. The correct Bengali word for building is ""ভবন"" or ""ইমারত"".",ഇതൊരു കെട്ടിടം ആണ്,ഇതൊരു കെട്ടിടം ആണ്,False,none,1.0,"The Malayalam caption accurately translates to ""This is a building"" and correctly describes the image content.",ଏହା ଏକ ସହାୟକ ହେଉଛି |,ଏହା ଏକ କ୍ରଯ଼,True,poor_translation,1.0,"The target caption translates to ""This is a helper,"" which is a mistranslation of the English caption ""this is a building."" The image clearly depicts a building."
2321421,139,95,244,261,An orange striped cat,एक नारंगी धारीदार बिल्ली,एक नारंगी धारीदार बिल्ली,False,none,1.0,"The Hindi caption ""एक नारंगी धारीदार बिल्ली"" accurately translates to ""An orange striped cat"" and matches the visual content of the image.",কমলা রঙের ডোরাকাটা বিড়াল,কমলা রঙের ডোরাকাটা বিড়াল,False,none,1.0,"The Bengali caption accurately translates to ""An orange colored striped cat"", which perfectly matches the English caption and the visual content of the image.",ഓറഞ്ച് വരയുള്ള പൂച്ച,ഓറഞ്ച് വരയുള്ള പൂച്ച,False,none,1.0,The Malayalam caption accurately translates the English caption and describes the visual content of the image.,ଏକ କମଳା ରଙ୍ଗର ବିଲେଇ |,ଏକ କମଳା ରଙ୍ଗର ବିଲେଇ,True,poor_translation,0.95,"The Odia translation is missing the word ""striped"", which is a key descriptor of the cat's appearance in the English caption. This omission makes the translation incomplete."
2352855,232,121,218,96,wall is yellow color.,दीवार पीले रंग का है |,दीवार पीले रंग का है |,False,none,1.0,The Hindi caption accurately describes the yellow color of the wall as seen in the image. The translation is grammatically correct and natural.,দেয়াল হলুদ বর্ণের।,দেয়াল হলুদ বর্ণের।,False,none,1.0,The Bengali caption correctly translates the English caption and accurately describes the color of the wall visible in the image.,മതിൽ മഞ്ഞ നിറമാണ്.,മതിൽ മഞ്ഞ നിറമാണ്.,False,none,1.0,The Malayalam caption accurately translates the English caption and describes the visual context of the yellow wall.,କାନ୍ଥ ହଳଦିଆ ରଙ୍ଗ ଅଟେ |,କାନ୍ଥ ହଳଦିଆ ରଙ୍ଗ ଅଟେ |,False,none,1.0,"The Odia caption accurately translates the English caption, stating that the wall is yellow in color. The translation is grammatically correct and natural-sounding."
